id_venta,fecha,id_cliente,id_producto,cantidad,id_metodo_pago,metodo_pago,estado
919,2024-01-31,10,25,5,1,Efectivo,Completa
947,2024-01-31,106,5,1,4,Mercado Pago,Completa
1317,2024-01-31,235,25,3,3,Tarjeta de Débito,Completa
1607,2024-01-31,114,15,5,1,Efectivo,Completa
2038,2024-01-31,132,2,5,4,Mercado Pago,Completa
2436,2024-01-31,282,3,3,1,Efectivo,Completa
2578,2024-01-31,201,31,6,3,Tarjeta de Débito,Completa
448,2024-02-01,5,19,3,4,Mercado Pago,Pendiente
492,2024-02-01,114,29,6,4,Mercado Pago,Completa
1099,2024-02-01,282,28,1,4,Mercado Pago,Completa
1439,2024-02-01,130,18,2,2,Tarjeta de Crédito,Completa
1565,2024-02-01,97,6,6,2,Tarjeta de Crédito,Completa
1776,2024-02-01,247,7,4,4,Mercado Pago,Completa
2190,2024-02-01,98,16,1,1,Efectivo,Pendiente
2755,2024-02-01,27,18,4,4,Mercado Pago,Completa
43,2024-02-02,294,31,1,4,Mercado Pago,Completa
272,2024-02-02,60,3,6,4,Mercado Pago,Completa
349,2024-02-02,203,2,3,4,Mercado Pago,Completa
351,2024-02-02,45,8,4,3,Tarjeta de Débito,Completa
822,2024-02-02,1,32,4,5,Transferencia,Completa
1078,2024-02-02,218,6,5,5,Transferencia,Completa
1595,2024-02-02,129,31,6,1,Efectivo,Completa
2746,2024-02-02,217,4,1,4,Mercado Pago,Completa
262,2024-02-03,156,33,3,4,Mercado Pago,Pendiente
997,2024-02-03,245,12,3,5,Transferencia,Completa
1221,2024-02-03,251,10,5,5,Transferencia,Pendiente
1931,2024-02-03,204,6,4,5,Transferencia,Completa
1967,2024-02-03,32,7,5,4,Mercado Pago,Completa
2328,2024-02-03,275,23,1,2,Tarjeta de Crédito,Completa
420,2024-02-04,259,32,1,2,Tarjeta de Crédito,Pendiente
546,2024-02-04,66,19,3,4,Mercado Pago,Completa
680,2024-02-04,112,37,2,5,Transferencia,Completa
2263,2024-02-04,48,27,1,5,Transferencia,Completa
2752,2024-02-04,125,35,3,4,Mercado Pago,Completa
2889,2024-02-04,48,24,2,3,Tarjeta de Débito,Pendiente
2896,2024-02-04,106,21,1,2,Tarjeta de Crédito,Completa
277,2024-02-05,159,4,6,4,Mercado Pago,Completa
497,2024-02-05,169,5,6,3,Tarjeta de Débito,Completa
503,2024-02-05,169,5,5,1,Efectivo,Completa
1198,2024-02-05,102,13,2,1,Efectivo,Completa
1449,2024-02-05,172,29,6,2,Tarjeta de Crédito,Completa
1759,2024-02-05,255,23,5,5,Transferencia,Pendiente
2873,2024-02-05,230,13,2,2,Tarjeta de Crédito,Completa
484,2024-02-06,168,35,1,2,Tarjeta de Crédito,Completa
593,2024-02-06,258,11,4,5,Transferencia,Completa
809,2024-02-06,159,19,6,5,Transferencia,Pendiente
1656,2024-02-06,283,1,3,4,Mercado Pago,Completa
1735,2024-02-06,130,8,6,5,Transferencia,Completa
2126,2024-02-06,181,3,3,4,Mercado Pago,Pendiente
2540,2024-02-06,75,28,6,1,Efectivo,Pendiente
2680,2024-02-06,155,18,2,4,Mercado Pago,Completa
116,2024-02-07,71,35,4,3,Tarjeta de Débito,Completa
215,2024-02-07,64,31,2,4,Mercado Pago,Pendiente
441,2024-02-07,21,7,6,3,Tarjeta de Débito,Completa
471,2024-02-07,108,12,6,5,Transferencia,Pendiente
1136,2024-02-07,187,23,3,3,Tarjeta de Débito,Completa
1753,2024-02-07,35,17,2,4,Mercado Pago,Pendiente
2127,2024-02-07,180,6,3,3,Tarjeta de Débito,Completa
2209,2024-02-07,151,3,2,1,Efectivo,Completa
2935,2024-02-07,164,25,3,4,Mercado Pago,Completa
734,2024-02-08,212,36,5,2,Tarjeta de Crédito,Completa
2043,2024-02-08,318,27,2,5,Transferencia,Completa
2335,2024-02-08,56,38,2,5,Transferencia,Completa
2770,2024-02-08,295,34,4,2,Tarjeta de Crédito,Completa
226,2024-02-09,3,11,4,1,Efectivo,Completa
1044,2024-02-09,69,29,1,5,Transferencia,Completa
1162,2024-02-09,104,17,2,3,Tarjeta de Débito,Completa
1725,2024-02-09,293,25,6,4,Mercado Pago,Completa
1878,2024-02-09,214,17,3,4,Mercado Pago,Completa
2480,2024-02-09,278,22,1,1,Efectivo,Completa
2610,2024-02-09,78,1,6,4,Mercado Pago,Completa
2947,2024-02-09,28,6,5,4,Mercado Pago,Pendiente
117,2024-02-10,288,10,3,2,Tarjeta de Crédito,Pendiente
1102,2024-02-10,59,29,4,3,Tarjeta de Débito,Completa
1217,2024-02-10,144,22,2,4,Mercado Pago,Completa
1363,2024-02-10,314,28,3,3,Tarjeta de Débito,Pendiente
1600,2024-02-10,230,24,6,3,Tarjeta de Débito,Completa
2719,2024-02-10,57,16,1,4,Mercado Pago,Completa
621,2024-02-11,166,3,3,3,Tarjeta de Débito,Completa
995,2024-02-11,224,13,5,5,Transferencia,Completa
1218,2024-02-11,34,29,1,2,Tarjeta de Crédito,Completa
1362,2024-02-11,120,19,2,5,Transferencia,Pendiente
1651,2024-02-11,85,13,6,4,Mercado Pago,Completa
1680,2024-02-11,241,28,3,3,Tarjeta de Débito,Completa
1754,2024-02-11,212,27,3,5,Transferencia,Completa
1934,2024-02-11,69,27,1,2,Tarjeta de Crédito,Completa
2534,2024-02-11,250,11,1,5,Transferencia,Completa
2642,2024-02-11,54,37,5,4,Mercado Pago,Completa
2703,2024-02-11,255,29,3,1,Efectivo,Pendiente
2874,2024-02-11,87,19,4,5,Transferencia,Completa
2933,2024-02-11,307,37,4,5,Transferencia,Completa
29,2024-02-12,205,38,2,3,Tarjeta de Débito,Completa
237,2024-02-12,182,21,4,1,Efectivo,Completa
488,2024-02-12,47,14,2,5,Transferencia,Completa
1168,2024-02-12,286,4,4,5,Transferencia,Completa
1540,2024-02-12,273,14,6,3,Tarjeta de Débito,Completa
2007,2024-02-12,288,14,2,4,Mercado Pago,Completa
2236,2024-02-12,295,18,4,5,Transferencia,Completa
8,2024-02-13,214,38,4,4,Mercado Pago,Completa
14,2024-02-13,171,22,4,3,Tarjeta de Débito,Completa
459,2024-02-13,128,24,4,3,Tarjeta de Débito,Completa
681,2024-02-13,14,29,3,3,Tarjeta de Débito,Completa
821,2024-02-13,43,1,3,5,Transferencia,Pendiente
908,2024-02-13,141,11,4,4,Mercado Pago,Pendiente
1826,2024-02-13,300,20,1,1,Efectivo,Completa
2355,2024-02-13,150,35,2,5,Transferencia,Completa
2555,2024-02-13,130,33,3,5,Transferencia,Completa
2572,2024-02-13,258,26,4,1,Efectivo,Completa
2687,2024-02-13,73,29,4,5,Transferencia,Completa
2709,2024-02-13,304,12,2,1,Efectivo,Pendiente
1271,2024-02-14,190,27,5,3,Tarjeta de Débito,Completa
1975,2024-02-14,118,4,6,5,Transferencia,Completa
2076,2024-02-14,5,1,1,4,Mercado Pago,Completa
2559,2024-02-14,87,15,6,1,Efectivo,Pendiente
2763,2024-02-14,273,21,5,5,Transferencia,Completa
2801,2024-02-14,105,17,5,3,Tarjeta de Débito,Completa
34,2024-02-15,325,35,5,2,Tarjeta de Crédito,Completa
294,2024-02-15,85,24,3,2,Tarjeta de Crédito,Completa
627,2024-02-15,312,24,6,5,Transferencia,Completa
696,2024-02-15,76,13,3,1,Efectivo,Completa
938,2024-02-15,204,1,1,4,Mercado Pago,Completa
1700,2024-02-15,158,33,4,4,Mercado Pago,Completa
1928,2024-02-15,310,35,1,1,Efectivo,Completa
2214,2024-02-15,187,7,5,5,Transferencia,Completa
2238,2024-02-15,231,12,3,4,Mercado Pago,Completa
2481,2024-02-15,166,4,2,5,Transferencia,Pendiente
2604,2024-02-15,319,23,1,5,Transferencia,Completa
481,2024-02-16,109,19,3,3,Tarjeta de Débito,Completa
641,2024-02-16,184,17,5,5,Transferencia,Completa
735,2024-02-16,183,20,2,1,Efectivo,Completa
779,2024-02-16,252,14,2,3,Tarjeta de Débito,Completa
1174,2024-02-16,286,14,1,1,Efectivo,Completa
1253,2024-02-16,50,13,1,2,Tarjeta de Crédito,Completa
1263,2024-02-16,48,38,5,3,Tarjeta de Débito,Completa
1479,2024-02-16,211,33,1,1,Efectivo,Completa
2323,2024-02-16,98,25,3,3,Tarjeta de Débito,Completa
2362,2024-02-16,109,36,6,1,Efectivo,Completa
2771,2024-02-16,39,7,2,3,Tarjeta de Débito,Completa
2937,2024-02-16,124,3,3,2,Tarjeta de Crédito,Completa
207,2024-02-17,203,20,2,5,Transferencia,Completa
297,2024-02-17,302,3,4,5,Transferencia,Pendiente
386,2024-02-17,250,32,6,5,Transferencia,Pendiente
572,2024-02-17,95,18,5,1,Efectivo,Completa
812,2024-02-17,280,7,4,3,Tarjeta de Débito,Completa
1079,2024-02-17,8,31,6,3,Tarjeta de Débito,Completa
1095,2024-02-17,326,2,5,5,Transferencia,Pendiente
1842,2024-02-17,224,29,2,1,Efectivo,Completa
1863,2024-02-17,46,26,5,4,Mercado Pago,Completa
2045,2024-02-17,97,8,3,4,Mercado Pago,Completa
2375,2024-02-17,82,38,1,3,Tarjeta de Débito,Completa
2634,2024-02-17,31,15,6,5,Transferencia,Completa
77,2024-02-18,320,27,2,3,Tarjeta de Débito,Completa
131,2024-02-18,17,23,5,4,Mercado Pago,Completa
166,2024-02-18,25,13,5,5,Transferencia,Completa
223,2024-02-18,221,29,1,5,Transferencia,Completa
236,2024-02-18,44,21,4,5,Transferencia,Pendiente
434,2024-02-18,90,23,1,5,Transferencia,Completa
539,2024-02-18,274,14,2,5,Transferencia,Completa
801,2024-02-18,37,27,3,1,Efectivo,Completa
1007,2024-02-18,77,11,6,5,Transferencia,Completa
1181,2024-02-18,171,17,4,4,Mercado Pago,Completa
1625,2024-02-18,145,38,4,3,Tarjeta de Débito,Completa
1983,2024-02-18,63,27,4,5,Transferencia,Completa
2409,2024-02-18,252,15,4,5,Transferencia,Completa
2964,2024-02-18,269,7,2,1,Efectivo,Completa
53,2024-02-19,66,30,2,5,Transferencia,Completa
447,2024-02-19,249,27,5,1,Efectivo,Completa
454,2024-02-19,131,13,5,4,Mercado Pago,Completa
1332,2024-02-19,1,29,4,4,Mercado Pago,Completa
1722,2024-02-19,266,7,3,4,Mercado Pago,Completa
2134,2024-02-19,116,29,5,2,Tarjeta de Crédito,Completa
2310,2024-02-19,139,11,2,5,Transferencia,Completa
2926,2024-02-19,210,37,2,1,Efectivo,Completa
2969,2024-02-19,128,9,1,5,Transferencia,Completa
11,2024-02-20,237,25,6,1,Efectivo,Completa
110,2024-02-20,31,11,2,3,Tarjeta de Débito,Completa
979,2024-02-20,30,29,5,1,Efectivo,Completa
1633,2024-02-20,27,11,5,4,Mercado Pago,Completa
2176,2024-02-20,48,12,5,1,Efectivo,Completa
2227,2024-02-20,239,8,4,5,Transferencia,Completa
2325,2024-02-20,13,2,4,4,Mercado Pago,Completa
2427,2024-02-20,57,35,2,1,Efectivo,Completa
2929,2024-02-20,28,11,1,3,Tarjeta de Débito,Completa
168,2024-02-21,186,2,1,4,Mercado Pago,Completa
691,2024-02-21,175,14,1,1,Efectivo,Completa
851,2024-02-21,13,14,2,4,Mercado Pago,Completa
986,2024-02-21,273,7,4,1,Efectivo,Completa
1041,2024-02-21,312,9,3,3,Tarjeta de Débito,Completa
2560,2024-02-21,249,33,3,5,Transferencia,Completa
2751,2024-02-21,19,2,5,4,Mercado Pago,Completa
2905,2024-02-21,226,5,4,4,Mercado Pago,Completa
338,2024-02-22,103,12,2,3,Tarjeta de Débito,Completa
407,2024-02-22,32,5,3,3,Tarjeta de Débito,Completa
1184,2024-02-22,106,38,6,5,Transferencia,Completa
1200,2024-02-22,143,32,1,5,Transferencia,Pendiente
1792,2024-02-22,81,9,4,1,Efectivo,Completa
2027,2024-02-22,184,32,4,1,Efectivo,Completa
2206,2024-02-22,236,23,1,1,Efectivo,Completa
2235,2024-02-22,20,28,6,5,Transferencia,Completa
2449,2024-02-22,262,1,2,5,Transferencia,Pendiente
2527,2024-02-22,55,14,3,5,Transferencia,Completa
85,2024-02-23,91,4,5,2,Tarjeta de Crédito,Completa
784,2024-02-23,279,10,4,2,Tarjeta de Crédito,Completa
1586,2024-02-23,166,38,2,4,Mercado Pago,Pendiente
2869,2024-02-23,247,4,2,4,Mercado Pago,Completa
2982,2024-02-23,229,34,2,4,Mercado Pago,Completa
88,2024-02-24,176,37,1,5,Transferencia,Completa
267,2024-02-24,273,13,1,4,Mercado Pago,Pendiente
342,2024-02-24,109,7,3,3,Tarjeta de Débito,Completa
783,2024-02-24,124,30,1,2,Tarjeta de Crédito,Completa
948,2024-02-24,218,11,1,4,Mercado Pago,Completa
1416,2024-02-24,31,38,2,5,Transferencia,Completa
1674,2024-02-24,75,23,4,5,Transferencia,Pendiente
1852,2024-02-24,230,1,4,5,Transferencia,Pendiente
2439,2024-02-24,142,7,3,5,Transferencia,Completa
2835,2024-02-24,57,3,5,5,Transferencia,Pendiente
134,2024-02-25,308,10,1,4,Mercado Pago,Completa
1999,2024-02-25,209,33,2,5,Transferencia,Completa
2155,2024-02-25,162,17,1,3,Tarjeta de Débito,Pendiente
2309,2024-02-25,82,1,4,4,Mercado Pago,Pendiente
2331,2024-02-25,228,1,2,3,Tarjeta de Débito,Completa
2729,2024-02-25,166,9,4,3,Tarjeta de Débito,Completa
39,2024-02-26,183,26,2,4,Mercado Pago,Completa
577,2024-02-26,169,3,1,3,Tarjeta de Débito,Completa
1287,2024-02-26,22,25,6,1,Efectivo,Completa
1830,2024-02-26,291,32,4,4,Mercado Pago,Completa
2067,2024-02-26,73,23,1,4,Mercado Pago,Completa
2978,2024-02-26,108,3,3,1,Efectivo,Completa
713,2024-02-27,64,14,2,4,Mercado Pago,Completa
1841,2024-02-27,37,38,6,5,Transferencia,Completa
2248,2024-02-27,16,22,1,4,Mercado Pago,Pendiente
2272,2024-02-27,85,16,6,4,Mercado Pago,Completa
2442,2024-02-27,266,26,3,5,Transferencia,Completa
2789,2024-02-27,35,22,5,1,Efectivo,Completa
2901,2024-02-27,34,19,1,4,Mercado Pago,Completa
89,2024-02-28,6,10,2,3,Tarjeta de Débito,Completa
271,2024-02-28,66,6,6,4,Mercado Pago,Completa
545,2024-02-28,20,26,4,4,Mercado Pago,Completa
795,2024-02-28,256,25,6,5,Transferencia,Completa
1749,2024-02-28,95,33,1,5,Transferencia,Completa
2047,2024-02-28,117,17,1,5,Transferencia,Completa
2294,2024-02-28,316,35,2,1,Efectivo,Completa
2346,2024-02-28,274,25,4,3,Tarjeta de Débito,Completa
2460,2024-02-28,301,15,5,4,Mercado Pago,Completa
2550,2024-02-28,138,23,4,3,Tarjeta de Débito,Pendiente
2600,2024-02-28,187,25,4,5,Transferencia,Completa
3,2024-02-29,31,21,3,3,Tarjeta de Débito,Completa
123,2024-02-29,169,32,5,5,Transferencia,Completa
452,2024-02-29,115,4,5,4,Mercado Pago,Completa
1037,2024-02-29,48,30,6,4,Mercado Pago,Completa
1190,2024-02-29,119,21,1,3,Tarjeta de Débito,Completa
1313,2024-02-29,95,13,2,3,Tarjeta de Débito,Completa
1713,2024-02-29,265,14,2,4,Mercado Pago,Completa
1907,2024-02-29,278,12,3,5,Transferencia,Pendiente
2059,2024-02-29,84,20,6,3,Tarjeta de Débito,Completa
2606,2024-02-29,221,7,2,4,Mercado Pago,Completa
66,2024-03-01,97,27,3,5,Transferencia,Completa
183,2024-03-01,31,38,3,3,Tarjeta de Débito,Completa
1188,2024-03-01,255,27,3,5,Transferencia,Pendiente
1422,2024-03-01,58,2,1,4,Mercado Pago,Completa
1465,2024-03-01,36,14,2,5,Transferencia,Completa
1535,2024-03-01,255,8,1,3,Tarjeta de Débito,Completa
2280,2024-03-01,134,18,1,4,Mercado Pago,Completa
2668,2024-03-01,117,19,5,1,Efectivo,Pendiente
2845,2024-03-01,71,5,6,3,Tarjeta de Débito,Completa
72,2024-03-02,144,23,5,2,Tarjeta de Crédito,Completa
786,2024-03-02,292,19,6,4,Mercado Pago,Pendiente
2094,2024-03-02,276,25,5,3,Tarjeta de Débito,Completa
2278,2024-03-02,163,5,3,5,Transferencia,Completa
95,2024-03-03,67,14,5,4,Mercado Pago,Completa
365,2024-03-03,90,8,5,5,Transferencia,Completa
382,2024-03-03,208,12,1,3,Tarjeta de Débito,Completa
428,2024-03-03,308,28,4,5,Transferencia,Completa
610,2024-03-03,197,38,3,4,Mercado Pago,Pendiente
1069,2024-03-03,37,26,1,5,Transferencia,Completa
1164,2024-03-03,97,12,3,4,Mercado Pago,Pendiente
1214,2024-03-03,67,5,1,4,Mercado Pago,Completa
1501,2024-03-03,42,29,5,5,Transferencia,Completa
1730,2024-03-03,160,33,6,3,Tarjeta de Débito,Completa
1867,2024-03-03,132,22,6,5,Transferencia,Pendiente
2042,2024-03-03,221,22,6,5,Transferencia,Completa
2327,2024-03-03,62,26,4,5,Transferencia,Completa
2391,2024-03-03,271,32,1,4,Mercado Pago,Completa
2420,2024-03-03,17,1,2,2,Tarjeta de Crédito,Completa
2778,2024-03-03,64,32,1,4,Mercado Pago,Completa
275,2024-03-04,27,11,5,4,Mercado Pago,Completa
298,2024-03-04,158,1,3,4,Mercado Pago,Completa
1531,2024-03-04,326,14,1,3,Tarjeta de Débito,Pendiente
1737,2024-03-04,149,21,5,5,Transferencia,Completa
2547,2024-03-04,80,2,5,3,Tarjeta de Débito,Completa
2913,2024-03-04,283,10,6,5,Transferencia,Completa
290,2024-03-05,123,31,4,2,Tarjeta de Crédito,Completa
408,2024-03-05,7,12,5,3,Tarjeta de Débito,Completa
1171,2024-03-05,8,14,5,3,Tarjeta de Débito,Completa
1589,2024-03-05,112,26,2,4,Mercado Pago,Pendiente
2479,2024-03-05,85,34,5,5,Transferencia,Completa
2669,2024-03-05,68,2,5,1,Efectivo,Pendiente
28,2024-03-06,240,23,3,3,Tarjeta de Débito,Pendiente
311,2024-03-06,68,24,6,4,Mercado Pago,Completa
916,2024-03-06,307,17,3,3,Tarjeta de Débito,Pendiente
1524,2024-03-06,292,34,2,5,Transferencia,Completa
2157,2024-03-06,193,2,1,3,Tarjeta de Débito,Completa
2301,2024-03-06,321,7,1,1,Efectivo,Completa
2665,2024-03-06,36,20,6,5,Transferencia,Pendiente
210,2024-03-07,215,35,3,4,Mercado Pago,Completa
556,2024-03-07,104,23,5,1,Efectivo,Pendiente
606,2024-03-07,46,20,2,5,Transferencia,Completa
820,2024-03-07,148,7,3,5,Transferencia,Completa
1185,2024-03-07,58,22,2,4,Mercado Pago,Pendiente
1444,2024-03-07,23,25,4,4,Mercado Pago,Completa
1756,2024-03-07,309,13,5,4,Mercado Pago,Completa
1796,2024-03-07,32,4,2,4,Mercado Pago,Completa
2156,2024-03-07,193,26,5,1,Efectivo,Completa
2175,2024-03-07,255,3,1,4,Mercado Pago,Completa
2183,2024-03-07,38,36,4,1,Efectivo,Completa
2366,2024-03-07,222,17,2,4,Mercado Pago,Completa
2732,2024-03-07,311,4,6,3,Tarjeta de Débito,Completa
54,2024-03-08,108,13,1,2,Tarjeta de Crédito,Completa
438,2024-03-08,307,29,5,2,Tarjeta de Crédito,Completa
620,2024-03-08,257,21,6,3,Tarjeta de Débito,Completa
876,2024-03-08,42,23,3,2,Tarjeta de Crédito,Completa
1226,2024-03-08,91,35,6,5,Transferencia,Completa
1463,2024-03-08,299,17,4,2,Tarjeta de Crédito,Completa
1577,2024-03-08,25,26,5,4,Mercado Pago,Pendiente
2398,2024-03-08,203,30,1,4,Mercado Pago,Completa
362,2024-03-09,30,15,2,4,Mercado Pago,Completa
444,2024-03-09,164,9,6,5,Transferencia,Completa
790,2024-03-09,119,24,6,1,Efectivo,Completa
1634,2024-03-09,206,14,3,5,Transferencia,Pendiente
1788,2024-03-09,180,2,2,4,Mercado Pago,Completa
2512,2024-03-09,87,36,1,4,Mercado Pago,Completa
2769,2024-03-09,33,24,6,3,Tarjeta de Débito,Completa
35,2024-03-10,62,9,6,3,Tarjeta de Débito,Completa
152,2024-03-10,64,11,5,4,Mercado Pago,Completa
1142,2024-03-10,164,13,6,1,Efectivo,Completa
1639,2024-03-10,230,26,5,4,Mercado Pago,Completa
1957,2024-03-10,217,37,2,1,Efectivo,Completa
2678,2024-03-10,11,31,6,5,Transferencia,Pendiente
923,2024-03-11,172,2,1,1,Efectivo,Completa
1148,2024-03-11,67,25,5,4,Mercado Pago,Pendiente
1564,2024-03-11,238,23,2,2,Tarjeta de Crédito,Completa
2058,2024-03-11,206,9,2,4,Mercado Pago,Completa
2132,2024-03-11,215,11,3,3,Tarjeta de Débito,Completa
2253,2024-03-11,278,2,2,2,Tarjeta de Crédito,Completa
437,2024-03-12,211,15,5,1,Efectivo,Completa
971,2024-03-12,213,29,6,4,Mercado Pago,Completa
2019,2024-03-12,49,13,6,4,Mercado Pago,Completa
2291,2024-03-12,69,6,6,5,Transferencia,Completa
2416,2024-03-12,49,11,5,4,Mercado Pago,Completa
2519,2024-03-12,30,3,6,1,Efectivo,Completa
2524,2024-03-12,117,9,2,3,Tarjeta de Débito,Pendiente
2989,2024-03-12,147,31,6,3,Tarjeta de Débito,Completa
426,2024-03-13,100,17,4,4,Mercado Pago,Completa
537,2024-03-13,262,3,6,2,Tarjeta de Crédito,Completa
656,2024-03-13,35,6,5,3,Tarjeta de Débito,Completa
756,2024-03-13,81,12,4,4,Mercado Pago,Completa
762,2024-03-13,81,3,5,1,Efectivo,Completa
1808,2024-03-13,303,11,5,2,Tarjeta de Crédito,Completa
1970,2024-03-13,167,10,1,2,Tarjeta de Crédito,Completa
2180,2024-03-13,74,18,5,3,Tarjeta de Débito,Completa
2260,2024-03-13,54,1,3,5,Transferencia,Completa
2274,2024-03-13,213,35,1,1,Efectivo,Completa
31,2024-03-14,267,2,1,3,Tarjeta de Débito,Completa
124,2024-03-14,173,13,5,3,Tarjeta de Débito,Completa
225,2024-03-14,104,38,3,4,Mercado Pago,Pendiente
607,2024-03-14,251,9,5,2,Tarjeta de Crédito,Completa
705,2024-03-14,185,17,2,1,Efectivo,Completa
1033,2024-03-14,78,1,3,5,Transferencia,Completa
1228,2024-03-14,291,1,6,1,Efectivo,Completa
1537,2024-03-14,138,37,1,1,Efectivo,Completa
1864,2024-03-14,15,10,5,4,Mercado Pago,Completa
2545,2024-03-14,233,12,1,4,Mercado Pago,Completa
2973,2024-03-14,134,7,3,3,Tarjeta de Débito,Completa
817,2024-03-15,31,3,2,4,Mercado Pago,Completa
1494,2024-03-15,157,23,3,1,Efectivo,Completa
1601,2024-03-15,313,34,4,1,Efectivo,Completa
1618,2024-03-15,14,18,3,5,Transferencia,Pendiente
1622,2024-03-15,211,16,2,5,Transferencia,Completa
1646,2024-03-15,143,8,3,3,Tarjeta de Débito,Completa
2073,2024-03-15,283,11,4,4,Mercado Pago,Completa
2107,2024-03-15,299,3,5,3,Tarjeta de Débito,Completa
2204,2024-03-15,55,28,1,5,Transferencia,Completa
2660,2024-03-15,28,7,6,4,Mercado Pago,Completa
2808,2024-03-15,11,38,6,4,Mercado Pago,Completa
40,2024-03-16,125,34,6,1,Efectivo,Completa
42,2024-03-16,259,32,5,5,Transferencia,Completa
199,2024-03-16,226,30,4,4,Mercado Pago,Pendiente
1083,2024-03-16,111,26,5,4,Mercado Pago,Completa
1085,2024-03-16,232,20,3,3,Tarjeta de Débito,Completa
1111,2024-03-16,65,16,2,3,Tarjeta de Débito,Completa
1249,2024-03-16,77,21,1,3,Tarjeta de Débito,Completa
1561,2024-03-16,200,22,5,4,Mercado Pago,Completa
1708,2024-03-16,68,16,1,4,Mercado Pago,Completa
2201,2024-03-16,63,34,6,5,Transferencia,Completa
2264,2024-03-16,87,11,6,5,Transferencia,Completa
2689,2024-03-16,108,30,5,4,Mercado Pago,Completa
2740,2024-03-16,224,7,5,4,Mercado Pago,Completa
2951,2024-03-16,229,32,1,4,Mercado Pago,Completa
18,2024-03-17,179,10,3,4,Mercado Pago,Completa
827,2024-03-17,246,8,2,5,Transferencia,Completa
875,2024-03-17,321,15,6,5,Transferencia,Completa
884,2024-03-17,312,16,5,2,Tarjeta de Crédito,Pendiente
1121,2024-03-17,88,34,3,5,Transferencia,Pendiente
1137,2024-03-17,295,32,6,3,Tarjeta de Débito,Completa
1290,2024-03-17,323,25,5,3,Tarjeta de Débito,Completa
1682,2024-03-17,48,38,4,4,Mercado Pago,Completa
2091,2024-03-17,44,21,3,5,Transferencia,Completa
2261,2024-03-17,305,4,6,4,Mercado Pago,Completa
2478,2024-03-17,109,29,3,3,Tarjeta de Débito,Completa
414,2024-03-18,151,35,3,5,Transferencia,Completa
1133,2024-03-18,313,32,4,5,Transferencia,Completa
1156,2024-03-18,37,2,3,1,Efectivo,Completa
1545,2024-03-18,8,19,2,1,Efectivo,Completa
2135,2024-03-18,50,31,6,4,Mercado Pago,Completa
2917,2024-03-18,17,35,5,3,Tarjeta de Débito,Pendiente
2981,2024-03-18,36,11,2,4,Mercado Pago,Completa
44,2024-03-19,122,30,2,4,Mercado Pago,Completa
208,2024-03-19,66,29,3,1,Efectivo,Completa
1357,2024-03-19,71,23,5,1,Efectivo,Pendiente
1777,2024-03-19,113,3,2,5,Transferencia,Completa
1874,2024-03-19,92,15,4,3,Tarjeta de Débito,Completa
2112,2024-03-19,119,22,4,2,Tarjeta de Crédito,Pendiente
2563,2024-03-19,99,15,4,4,Mercado Pago,Completa
2585,2024-03-19,323,19,1,1,Efectivo,Completa
2628,2024-03-19,195,14,5,2,Tarjeta de Crédito,Completa
118,2024-03-20,26,25,4,5,Transferencia,Completa
741,2024-03-20,222,31,6,5,Transferencia,Completa
968,2024-03-20,3,23,3,4,Mercado Pago,Completa
1071,2024-03-20,135,14,6,4,Mercado Pago,Completa
1108,2024-03-20,270,25,6,2,Tarjeta de Crédito,Pendiente
1130,2024-03-20,213,4,2,2,Tarjeta de Crédito,Completa
1903,2024-03-20,278,33,2,5,Transferencia,Completa
1920,2024-03-20,184,36,6,3,Tarjeta de Débito,Completa
1984,2024-03-20,321,38,2,1,Efectivo,Pendiente
2054,2024-03-20,209,37,3,5,Transferencia,Completa
2720,2024-03-20,145,7,4,3,Tarjeta de Débito,Completa
911,2024-03-21,288,19,1,4,Mercado Pago,Completa
1096,2024-03-21,204,37,5,4,Mercado Pago,Completa
1098,2024-03-21,178,25,3,4,Mercado Pago,Completa
1473,2024-03-21,255,18,1,5,Transferencia,Pendiente
1606,2024-03-21,278,27,6,4,Mercado Pago,Completa
1998,2024-03-21,279,31,1,1,Efectivo,Pendiente
2243,2024-03-21,326,18,2,2,Tarjeta de Crédito,Completa
2397,2024-03-21,238,32,2,3,Tarjeta de Débito,Completa
416,2024-03-22,110,29,2,4,Mercado Pago,Completa
608,2024-03-22,105,14,5,3,Tarjeta de Débito,Completa
1028,2024-03-22,267,31,3,4,Mercado Pago,Completa
1118,2024-03-22,106,13,2,1,Efectivo,Completa
1210,2024-03-22,266,6,4,5,Transferencia,Completa
1504,2024-03-22,168,3,4,4,Mercado Pago,Completa
1773,2024-03-22,88,25,4,5,Transferencia,Completa
1809,2024-03-22,90,31,3,3,Tarjeta de Débito,Completa
2040,2024-03-22,313,12,5,1,Efectivo,Completa
2251,2024-03-22,238,36,4,5,Transferencia,Completa
2372,2024-03-22,177,8,1,1,Efectivo,Completa
2907,2024-03-22,207,6,2,3,Tarjeta de Débito,Completa
405,2024-03-23,122,16,2,4,Mercado Pago,Pendiente
970,2024-03-23,212,16,6,3,Tarjeta de Débito,Completa
1795,2024-03-23,1,12,6,4,Mercado Pago,Completa
1814,2024-03-23,175,4,4,1,Efectivo,Completa
2258,2024-03-23,17,33,3,4,Mercado Pago,Completa
2467,2024-03-23,25,4,3,5,Transferencia,Completa
2815,2024-03-23,171,1,6,5,Transferencia,Completa
785,2024-03-24,132,9,5,5,Transferencia,Completa
1549,2024-03-24,260,17,1,2,Tarjeta de Crédito,Completa
1942,2024-03-24,41,31,1,4,Mercado Pago,Pendiente
1947,2024-03-24,288,29,2,5,Transferencia,Completa
2008,2024-03-24,162,15,4,4,Mercado Pago,Completa
2861,2024-03-24,147,21,5,4,Mercado Pago,Completa
113,2024-03-25,72,19,1,3,Tarjeta de Débito,Pendiente
170,2024-03-25,269,20,3,4,Mercado Pago,Completa
378,2024-03-25,199,25,1,4,Mercado Pago,Completa
1139,2024-03-25,8,36,5,1,Efectivo,Completa
1399,2024-03-25,90,27,2,3,Tarjeta de Débito,Completa
1710,2024-03-25,131,27,1,3,Tarjeta de Débito,Completa
1866,2024-03-25,272,5,5,1,Efectivo,Completa
2164,2024-03-25,292,36,5,5,Transferencia,Completa
2854,2024-03-25,208,33,2,5,Transferencia,Pendiente
2993,2024-03-25,117,4,2,1,Efectivo,Completa
464,2024-03-26,323,5,4,4,Mercado Pago,Completa
469,2024-03-26,134,17,4,4,Mercado Pago,Completa
1025,2024-03-26,288,15,3,5,Transferencia,Pendiente
1125,2024-03-26,9,26,5,4,Mercado Pago,Pendiente
1321,2024-03-26,94,6,4,1,Efectivo,Completa
1556,2024-03-26,65,8,2,1,Efectivo,Completa
1667,2024-03-26,81,24,6,3,Tarjeta de Débito,Completa
2182,2024-03-26,116,2,6,2,Tarjeta de Crédito,Completa
2570,2024-03-26,17,7,6,5,Transferencia,Completa
2623,2024-03-26,237,3,5,4,Mercado Pago,Completa
2683,2024-03-26,14,28,1,2,Tarjeta de Crédito,Completa
172,2024-03-27,268,24,6,1,Efectivo,Completa
295,2024-03-27,223,32,6,2,Tarjeta de Crédito,Completa
559,2024-03-27,97,24,5,2,Tarjeta de Crédito,Completa
737,2024-03-27,48,30,1,5,Transferencia,Completa
1278,2024-03-27,11,29,5,4,Mercado Pago,Pendiente
1312,2024-03-27,215,35,5,3,Tarjeta de Débito,Completa
1627,2024-03-27,323,13,1,5,Transferencia,Completa
1666,2024-03-27,56,25,1,3,Tarjeta de Débito,Completa
1679,2024-03-27,273,38,4,3,Tarjeta de Débito,Completa
2048,2024-03-27,261,25,3,4,Mercado Pago,Completa
2225,2024-03-27,269,34,1,4,Mercado Pago,Completa
2630,2024-03-27,223,19,5,3,Tarjeta de Débito,Completa
249,2024-03-28,1,31,2,5,Transferencia,Pendiente
279,2024-03-28,54,10,4,4,Mercado Pago,Completa
321,2024-03-28,205,35,4,5,Transferencia,Completa
669,2024-03-28,44,19,4,3,Tarjeta de Débito,Completa
988,2024-03-28,266,21,5,2,Tarjeta de Crédito,Completa
1086,2024-03-28,40,22,6,5,Transferencia,Completa
1153,2024-03-28,130,27,6,3,Tarjeta de Débito,Completa
2507,2024-03-28,243,33,3,4,Mercado Pago,Completa
86,2024-03-29,188,30,2,4,Mercado Pago,Completa
189,2024-03-29,170,30,1,1,Efectivo,Completa
468,2024-03-29,45,17,5,1,Efectivo,Completa
511,2024-03-29,98,31,6,3,Tarjeta de Débito,Completa
1129,2024-03-29,275,36,4,4,Mercado Pago,Pendiente
1169,2024-03-29,8,28,5,4,Mercado Pago,Completa
1409,2024-03-29,86,14,6,4,Mercado Pago,Completa
1828,2024-03-29,52,14,2,2,Tarjeta de Crédito,Completa
2142,2024-03-29,165,23,2,1,Efectivo,Pendiente
265,2024-03-30,257,28,1,1,Efectivo,Completa
432,2024-03-30,197,25,5,3,Tarjeta de Débito,Completa
1624,2024-03-30,71,1,2,5,Transferencia,Completa
2580,2024-03-30,287,22,4,3,Tarjeta de Débito,Pendiente
2863,2024-03-30,194,1,5,5,Transferencia,Completa
2891,2024-03-30,76,7,1,4,Mercado Pago,Completa
209,2024-03-31,311,35,3,2,Tarjeta de Crédito,Completa
293,2024-03-31,310,35,3,3,Tarjeta de Débito,Completa
433,2024-03-31,218,29,6,5,Transferencia,Completa
590,2024-03-31,194,13,6,1,Efectivo,Completa
853,2024-03-31,176,35,2,4,Mercado Pago,Completa
1045,2024-03-31,258,32,3,4,Mercado Pago,Completa
1705,2024-03-31,321,18,4,1,Efectivo,Completa
1976,2024-03-31,299,18,6,5,Transferencia,Completa
2213,2024-03-31,230,19,4,2,Tarjeta de Crédito,Pendiente
2303,2024-04-01,314,2,1,5,Transferencia,Pendiente
2326,2024-04-01,201,26,3,5,Transferencia,Completa
2385,2024-04-01,76,12,4,3,Tarjeta de Débito,Completa
2611,2024-04-01,63,1,4,5,Transferencia,Completa
2914,2024-04-01,66,22,6,4,Mercado Pago,Pendiente
160,2024-04-02,106,25,6,4,Mercado Pago,Completa
837,2024-04-02,102,4,3,1,Efectivo,Completa
1224,2024-04-02,60,4,3,5,Transferencia,Pendiente
1819,2024-04-02,192,22,5,1,Efectivo,Pendiente
1968,2024-04-02,285,12,2,5,Transferencia,Pendiente
2413,2024-04-02,248,31,5,4,Mercado Pago,Completa
2465,2024-04-02,240,9,3,2,Tarjeta de Crédito,Completa
2899,2024-04-02,163,34,5,1,Efectivo,Pendiente
232,2024-04-03,144,24,3,3,Tarjeta de Débito,Completa
339,2024-04-03,81,21,1,3,Tarjeta de Débito,Completa
844,2024-04-03,258,22,2,2,Tarjeta de Crédito,Pendiente
1687,2024-04-03,160,23,6,5,Transferencia,Completa
1704,2024-04-03,104,3,4,4,Mercado Pago,Completa
1913,2024-04-03,78,33,5,4,Mercado Pago,Completa
2532,2024-04-03,28,13,5,4,Mercado Pago,Completa
2571,2024-04-03,54,18,5,4,Mercado Pago,Completa
2641,2024-04-03,172,8,3,3,Tarjeta de Débito,Completa
2795,2024-04-03,39,8,5,4,Mercado Pago,Completa
2954,2024-04-03,237,27,6,3,Tarjeta de Débito,Completa
2961,2024-04-03,141,25,2,1,Efectivo,Completa
327,2024-04-04,203,27,4,2,Tarjeta de Crédito,Completa
491,2024-04-04,25,5,5,5,Transferencia,Completa
1175,2024-04-04,189,17,3,1,Efectivo,Completa
1417,2024-04-04,126,13,5,3,Tarjeta de Débito,Completa
1782,2024-04-04,145,13,2,3,Tarjeta de Débito,Completa
1872,2024-04-04,239,16,6,1,Efectivo,Completa
2844,2024-04-04,213,22,3,5,Transferencia,Completa
2879,2024-04-04,186,3,5,4,Mercado Pago,Completa
245,2024-04-05,101,32,4,4,Mercado Pago,Completa
799,2024-04-05,55,19,1,5,Transferencia,Pendiente
905,2024-04-05,151,3,2,4,Mercado Pago,Completa
1195,2024-04-05,47,16,3,3,Tarjeta de Débito,Completa
2276,2024-04-05,62,23,6,4,Mercado Pago,Pendiente
2884,2024-04-05,307,32,3,1,Efectivo,Completa
2945,2024-04-05,245,20,1,5,Transferencia,Completa
2995,2024-04-05,38,34,5,5,Transferencia,Completa
10,2024-04-06,232,37,2,3,Tarjeta de Débito,Completa
1068,2024-04-06,318,6,3,5,Transferencia,Completa
1960,2024-04-06,266,30,3,5,Transferencia,Completa
2718,2024-04-06,157,32,1,5,Transferencia,Completa
395,2024-04-07,75,32,5,5,Transferencia,Completa
453,2024-04-07,75,12,2,4,Mercado Pago,Completa
657,2024-04-07,57,36,1,4,Mercado Pago,Completa
1220,2024-04-07,224,38,5,3,Tarjeta de Débito,Completa
2084,2024-04-07,138,33,4,3,Tarjeta de Débito,Completa
2726,2024-04-07,166,17,6,4,Mercado Pago,Completa
2731,2024-04-07,132,5,3,1,Efectivo,Pendiente
108,2024-04-08,153,17,4,4,Mercado Pago,Completa
581,2024-04-08,297,6,1,3,Tarjeta de Débito,Pendiente
1470,2024-04-08,38,24,5,5,Transferencia,Completa
1834,2024-04-08,141,7,1,5,Transferencia,Completa
1840,2024-04-08,241,12,6,3,Tarjeta de Débito,Completa
2140,2024-04-08,174,9,1,4,Mercado Pago,Completa
2885,2024-04-08,245,24,1,2,Tarjeta de Crédito,Completa
80,2024-04-09,313,25,6,3,Tarjeta de Débito,Completa
600,2024-04-09,142,14,2,4,Mercado Pago,Completa
962,2024-04-09,275,8,2,4,Mercado Pago,Completa
1331,2024-04-09,51,11,2,4,Mercado Pago,Completa
1474,2024-04-09,321,9,1,4,Mercado Pago,Completa
2341,2024-04-09,23,10,3,5,Transferencia,Completa
2716,2024-04-09,162,15,4,3,Tarjeta de Débito,Completa
2920,2024-04-09,207,35,2,3,Tarjeta de Débito,Completa
102,2024-04-10,282,26,1,3,Tarjeta de Débito,Completa
239,2024-04-10,197,37,6,5,Transferencia,Completa
532,2024-04-10,233,1,3,1,Efectivo,Completa
1046,2024-04-10,288,1,5,3,Tarjeta de Débito,Completa
1612,2024-04-10,68,20,4,4,Mercado Pago,Pendiente
1904,2024-04-10,231,12,4,4,Mercado Pago,Completa
2490,2024-04-10,162,26,3,5,Transferencia,Completa
2758,2024-04-10,273,23,2,4,Mercado Pago,Completa
2785,2024-04-10,191,17,6,5,Transferencia,Completa
354,2024-04-11,195,29,6,1,Efectivo,Completa
677,2024-04-11,291,10,3,5,Transferencia,Completa
873,2024-04-11,72,26,1,4,Mercado Pago,Completa
1110,2024-04-11,284,12,2,4,Mercado Pago,Completa
2469,2024-04-11,79,36,4,5,Transferencia,Pendiente
2561,2024-04-11,133,19,3,1,Efectivo,Completa
379,2024-04-12,67,2,4,1,Efectivo,Completa
831,2024-04-12,94,19,4,3,Tarjeta de Débito,Pendiente
1143,2024-04-12,266,20,2,5,Transferencia,Completa
1149,2024-04-12,272,24,5,5,Transferencia,Completa
1157,2024-04-12,90,11,4,3,Tarjeta de Débito,Completa
1299,2024-04-12,223,16,3,3,Tarjeta de Débito,Completa
1647,2024-04-12,74,9,4,4,Mercado Pago,Completa
1698,2024-04-12,272,3,5,5,Transferencia,Completa
1915,2024-04-12,21,27,4,4,Mercado Pago,Completa
2137,2024-04-12,202,5,1,4,Mercado Pago,Completa
2229,2024-04-12,312,27,2,1,Efectivo,Completa
2306,2024-04-12,242,2,6,3,Tarjeta de Débito,Completa
2497,2024-04-12,105,26,5,4,Mercado Pago,Completa
2581,2024-04-12,260,26,2,4,Mercado Pago,Completa
328,2024-04-13,167,23,3,3,Tarjeta de Débito,Pendiente
788,2024-04-13,52,33,1,2,Tarjeta de Crédito,Completa
1574,2024-04-13,204,20,5,4,Mercado Pago,Completa
1899,2024-04-13,176,22,2,5,Transferencia,Completa
2138,2024-04-13,281,7,5,2,Tarjeta de Crédito,Completa
2159,2024-04-13,288,19,3,1,Efectivo,Completa
2395,2024-04-13,248,12,5,3,Tarjeta de Débito,Completa
2403,2024-04-13,15,8,2,4,Mercado Pago,Completa
2458,2024-04-13,105,24,1,4,Mercado Pago,Pendiente
248,2024-04-14,132,3,5,5,Transferencia,Pendiente
340,2024-04-14,271,19,2,3,Tarjeta de Débito,Pendiente
371,2024-04-14,105,5,2,4,Mercado Pago,Completa
708,2024-04-14,164,17,3,1,Efectivo,Completa
864,2024-04-14,190,21,5,4,Mercado Pago,Completa
1868,2024-04-14,234,19,6,1,Efectivo,Pendiente
1922,2024-04-14,269,31,1,5,Transferencia,Pendiente
2051,2024-04-14,165,30,2,5,Transferencia,Completa
2838,2024-04-14,41,28,2,3,Tarjeta de Débito,Completa
15,2024-04-15,219,34,4,3,Tarjeta de Débito,Completa
82,2024-04-15,246,27,3,4,Mercado Pago,Completa
194,2024-04-15,45,32,5,5,Transferencia,Pendiente
361,2024-04-15,226,20,6,5,Transferencia,Completa
431,2024-04-15,231,33,1,2,Tarjeta de Crédito,Completa
651,2024-04-15,150,8,6,3,Tarjeta de Débito,Completa
1001,2024-04-15,325,4,4,4,Mercado Pago,Completa
1286,2024-04-15,110,21,5,5,Transferencia,Pendiente
1498,2024-04-15,216,37,4,3,Tarjeta de Débito,Completa
2949,2024-04-15,24,28,6,4,Mercado Pago,Completa
399,2024-04-16,115,38,4,4,Mercado Pago,Completa
807,2024-04-16,181,1,5,3,Tarjeta de Débito,Completa
976,2024-04-16,110,31,2,4,Mercado Pago,Completa
1258,2024-04-16,48,28,4,1,Efectivo,Completa
1307,2024-04-16,46,1,3,5,Transferencia,Completa
1319,2024-04-16,28,3,1,4,Mercado Pago,Completa
1717,2024-04-16,171,33,5,5,Transferencia,Completa
2162,2024-04-16,304,28,4,4,Mercado Pago,Pendiente
2407,2024-04-16,209,34,5,3,Tarjeta de Débito,Completa
547,2024-04-17,69,22,2,4,Mercado Pago,Pendiente
1177,2024-04-17,192,22,1,4,Mercado Pago,Completa
2368,2024-04-17,245,33,1,4,Mercado Pago,Completa
2962,2024-04-17,314,2,6,3,Tarjeta de Débito,Pendiente
421,2024-04-18,86,28,3,4,Mercado Pago,Pendiente
1107,2024-04-18,223,18,4,4,Mercado Pago,Pendiente
1282,2024-04-18,280,31,1,2,Tarjeta de Crédito,Completa
1325,2024-04-18,89,24,6,1,Efectivo,Completa
1379,2024-04-18,301,18,1,3,Tarjeta de Débito,Completa
1951,2024-04-18,212,8,6,1,Efectivo,Completa
2632,2024-04-18,53,31,6,3,Tarjeta de Débito,Completa
2661,2024-04-18,121,29,3,2,Tarjeta de Crédito,Completa
2777,2024-04-18,24,28,6,4,Mercado Pago,Completa
1320,2024-04-19,324,22,2,4,Mercado Pago,Pendiente
2081,2024-04-19,206,3,1,1,Efectivo,Completa
2087,2024-04-19,103,27,6,3,Tarjeta de Débito,Completa
2149,2024-04-19,82,3,4,4,Mercado Pago,Completa
2666,2024-04-19,12,36,3,3,Tarjeta de Débito,Completa
724,2024-04-20,298,4,2,2,Tarjeta de Crédito,Completa
800,2024-04-20,56,29,3,3,Tarjeta de Débito,Completa
1575,2024-04-20,66,4,3,4,Mercado Pago,Completa
1605,2024-04-20,180,20,6,2,Tarjeta de Crédito,Pendiente
1707,2024-04-20,223,30,2,5,Transferencia,Completa
2092,2024-04-20,272,23,1,3,Tarjeta de Débito,Completa
2205,2024-04-20,233,4,2,4,Mercado Pago,Completa
2434,2024-04-20,211,28,5,3,Tarjeta de Débito,Pendiente
2596,2024-04-20,287,12,5,1,Efectivo,Completa
2635,2024-04-20,263,34,5,1,Efectivo,Completa
135,2024-04-21,254,38,2,5,Transferencia,Completa
259,2024-04-21,288,32,3,2,Tarjeta de Crédito,Completa
598,2024-04-21,186,4,1,1,Efectivo,Completa
1026,2024-04-21,131,17,2,4,Mercado Pago,Pendiente
1194,2024-04-21,237,17,6,4,Mercado Pago,Completa
1456,2024-04-21,271,18,4,1,Efectivo,Completa
1638,2024-04-21,151,18,1,4,Mercado Pago,Completa
1714,2024-04-21,242,32,4,5,Transferencia,Completa
1894,2024-04-21,1,37,4,4,Mercado Pago,Completa
2055,2024-04-21,186,5,3,5,Transferencia,Completa
2066,2024-04-21,288,11,1,4,Mercado Pago,Completa
2356,2024-04-21,139,19,1,4,Mercado Pago,Completa
2426,2024-04-21,75,30,2,4,Mercado Pago,Completa
2499,2024-04-21,310,24,1,3,Tarjeta de Débito,Pendiente
2827,2024-04-21,305,23,2,5,Transferencia,Completa
523,2024-04-22,107,12,2,1,Efectivo,Completa
806,2024-04-22,225,32,6,2,Tarjeta de Crédito,Completa
1074,2024-04-22,320,38,6,3,Tarjeta de Débito,Completa
1406,2024-04-22,100,23,1,3,Tarjeta de Débito,Completa
1806,2024-04-22,233,35,4,2,Tarjeta de Crédito,Completa
1853,2024-04-22,273,5,5,4,Mercado Pago,Completa
2925,2024-04-22,209,18,3,2,Tarjeta de Crédito,Completa
61,2024-04-23,319,6,2,1,Efectivo,Completa
849,2024-04-23,177,31,2,5,Transferencia,Completa
1254,2024-04-23,294,4,2,4,Mercado Pago,Completa
1677,2024-04-23,122,5,1,2,Tarjeta de Crédito,Pendiente
1686,2024-04-23,73,37,1,4,Mercado Pago,Completa
1732,2024-04-23,215,38,5,4,Mercado Pago,Completa
1800,2024-04-23,313,37,4,5,Transferencia,Pendiente
119,2024-04-24,55,21,4,5,Transferencia,Completa
909,2024-04-24,287,31,1,1,Efectivo,Completa
1460,2024-04-24,40,17,4,3,Tarjeta de Débito,Completa
1783,2024-04-24,301,11,2,4,Mercado Pago,Completa
1996,2024-04-24,117,23,2,3,Tarjeta de Débito,Completa
2145,2024-04-24,38,12,4,2,Tarjeta de Crédito,Completa
2584,2024-04-24,141,5,4,4,Mercado Pago,Completa
2645,2024-04-24,182,32,6,5,Transferencia,Completa
87,2024-04-25,152,26,6,5,Transferencia,Completa
251,2024-04-25,158,4,1,4,Mercado Pago,Completa
751,2024-04-25,259,23,2,1,Efectivo,Pendiente
792,2024-04-25,130,1,1,1,Efectivo,Completa
952,2024-04-25,207,7,3,3,Tarjeta de Débito,Completa
1060,2024-04-25,56,29,5,3,Tarjeta de Débito,Completa
1088,2024-04-25,274,30,2,2,Tarjeta de Crédito,Completa
1657,2024-04-25,298,12,5,1,Efectivo,Completa
1900,2024-04-25,222,24,2,3,Tarjeta de Débito,Completa
2184,2024-04-25,68,9,6,5,Transferencia,Completa
2269,2024-04-25,13,24,6,1,Efectivo,Completa
2615,2024-04-25,277,16,4,5,Transferencia,Completa
2974,2024-04-25,315,17,4,3,Tarjeta de Débito,Completa
617,2024-04-26,313,8,6,1,Efectivo,Completa
763,2024-04-26,254,27,2,3,Tarjeta de Débito,Completa
826,2024-04-26,137,26,5,4,Mercado Pago,Completa
1616,2024-04-26,144,34,1,1,Efectivo,Completa
1621,2024-04-26,193,2,2,1,Efectivo,Completa
1733,2024-04-26,185,10,5,5,Transferencia,Completa
2117,2024-04-26,82,12,2,5,Transferencia,Completa
2554,2024-04-26,306,36,1,4,Mercado Pago,Completa
2741,2024-04-26,48,25,5,5,Transferencia,Completa
842,2024-04-27,307,14,4,4,Mercado Pago,Completa
889,2024-04-27,51,17,2,5,Transferencia,Completa
1128,2024-04-27,59,20,3,5,Transferencia,Completa
1266,2024-04-27,70,21,6,4,Mercado Pago,Completa
1505,2024-04-27,13,8,5,4,Mercado Pago,Completa
1572,2024-04-27,314,24,1,4,Mercado Pago,Completa
2169,2024-04-27,284,38,6,4,Mercado Pago,Completa
2245,2024-04-27,167,22,4,3,Tarjeta de Débito,Completa
2281,2024-04-27,283,10,5,4,Mercado Pago,Pendiente
592,2024-04-28,102,5,6,5,Transferencia,Pendiente
858,2024-04-28,67,1,4,3,Tarjeta de Débito,Pendiente
1689,2024-04-28,28,33,4,1,Efectivo,Completa
1988,2024-04-28,114,21,2,5,Transferencia,Completa
2128,2024-04-28,314,35,1,1,Efectivo,Pendiente
2539,2024-04-28,135,37,4,3,Tarjeta de Débito,Completa
2799,2024-04-28,217,2,1,5,Transferencia,Pendiente
2851,2024-04-28,316,33,4,1,Efectivo,Completa
2957,2024-04-28,249,4,6,1,Efectivo,Completa
217,2024-04-29,100,17,4,5,Transferencia,Completa
1114,2024-04-29,47,38,6,4,Mercado Pago,Completa
1115,2024-04-29,159,1,6,2,Tarjeta de Crédito,Completa
1207,2024-04-29,159,11,4,4,Mercado Pago,Completa
1211,2024-04-29,104,4,5,5,Transferencia,Completa
1552,2024-04-29,21,6,6,1,Efectivo,Completa
1889,2024-04-29,237,1,4,1,Efectivo,Completa
1952,2024-04-29,190,19,4,5,Transferencia,Pendiente
2105,2024-04-29,85,12,1,3,Tarjeta de Débito,Pendiente
2786,2024-04-29,106,7,6,1,Efectivo,Completa
2999,2024-04-29,320,11,3,4,Mercado Pago,Completa
353,2024-04-30,181,10,4,5,Transferencia,Completa
625,2024-04-30,11,18,1,2,Tarjeta de Crédito,Completa
898,2024-04-30,179,9,6,4,Mercado Pago,Completa
1127,2024-04-30,136,6,2,4,Mercado Pago,Completa
1238,2024-04-30,254,6,2,1,Efectivo,Pendiente
1652,2024-04-30,106,19,4,3,Tarjeta de Débito,Completa
2222,2024-04-30,163,21,1,3,Tarjeta de Débito,Completa
2402,2024-04-30,90,16,6,2,Tarjeta de Crédito,Completa
2495,2024-04-30,299,7,4,4,Mercado Pago,Completa
419,2024-05-01,149,2,2,3,Tarjeta de Débito,Completa
659,2024-05-01,213,1,2,3,Tarjeta de Débito,Completa
1237,2024-05-01,247,37,6,4,Mercado Pago,Completa
1247,2024-05-01,87,25,6,1,Efectivo,Completa
1472,2024-05-01,1,12,2,3,Tarjeta de Débito,Completa
1961,2024-05-01,177,35,3,5,Transferencia,Completa
1986,2024-05-01,278,17,6,5,Transferencia,Completa
2659,2024-05-01,274,13,5,4,Mercado Pago,Completa
2890,2024-05-01,156,8,5,4,Mercado Pago,Completa
169,2024-05-02,279,24,4,2,Tarjeta de Crédito,Completa
287,2024-05-02,70,23,6,2,Tarjeta de Crédito,Completa
692,2024-05-02,303,3,5,5,Transferencia,Completa
1609,2024-05-02,286,15,3,2,Tarjeta de Crédito,Completa
1926,2024-05-02,55,33,1,4,Mercado Pago,Completa
2810,2024-05-02,314,12,2,1,Efectivo,Pendiente
2826,2024-05-02,323,34,1,5,Transferencia,Completa
2883,2024-05-02,251,5,1,5,Transferencia,Completa
2938,2024-05-02,12,31,5,4,Mercado Pago,Completa
60,2024-05-03,53,20,5,3,Tarjeta de Débito,Completa
270,2024-05-03,326,8,6,5,Transferencia,Pendiente
472,2024-05-03,123,33,4,3,Tarjeta de Débito,Completa
1274,2024-05-03,187,17,4,1,Efectivo,Completa
1655,2024-05-03,293,27,5,4,Mercado Pago,Completa
1774,2024-05-03,232,8,3,4,Mercado Pago,Completa
2109,2024-05-03,284,1,2,1,Efectivo,Completa
2388,2024-05-03,128,37,2,5,Transferencia,Completa
2898,2024-05-03,188,1,5,4,Mercado Pago,Completa
2943,2024-05-03,181,17,3,1,Efectivo,Completa
103,2024-05-04,98,17,3,5,Transferencia,Completa
238,2024-05-04,25,2,2,3,Tarjeta de Débito,Completa
727,2024-05-04,241,4,6,3,Tarjeta de Débito,Completa
766,2024-05-04,166,8,6,3,Tarjeta de Débito,Pendiente
1613,2024-05-04,12,3,5,1,Efectivo,Completa
1743,2024-05-04,9,1,4,4,Mercado Pago,Completa
2146,2024-05-04,278,15,2,4,Mercado Pago,Completa
2605,2024-05-04,210,24,6,5,Transferencia,Completa
174,2024-05-05,264,2,1,3,Tarjeta de Débito,Completa
1738,2024-05-05,198,10,4,4,Mercado Pago,Completa
2313,2024-05-05,122,33,2,3,Tarjeta de Débito,Completa
2473,2024-05-05,181,37,5,4,Mercado Pago,Completa
2544,2024-05-05,34,30,1,1,Efectivo,Completa
2840,2024-05-05,289,35,3,4,Mercado Pago,Completa
2924,2024-05-05,158,2,6,1,Efectivo,Completa
2997,2024-05-05,178,25,2,5,Transferencia,Completa
455,2024-05-06,4,27,4,3,Tarjeta de Débito,Completa
614,2024-05-06,245,34,3,5,Transferencia,Completa
815,2024-05-06,186,5,2,4,Mercado Pago,Completa
1424,2024-05-06,174,35,1,5,Transferencia,Completa
1433,2024-05-06,222,16,1,1,Efectivo,Pendiente
1517,2024-05-06,106,31,5,5,Transferencia,Completa
2379,2024-05-06,321,13,5,1,Efectivo,Completa
2602,2024-05-06,157,37,1,5,Transferencia,Completa
2950,2024-05-06,307,26,4,1,Efectivo,Completa
140,2024-05-07,220,29,3,5,Transferencia,Completa
686,2024-05-07,171,16,1,3,Tarjeta de Débito,Completa
1250,2024-05-07,234,8,1,2,Tarjeta de Crédito,Completa
1734,2024-05-07,311,8,3,5,Transferencia,Completa
1739,2024-05-07,222,2,4,4,Mercado Pago,Completa
1802,2024-05-07,81,30,6,2,Tarjeta de Crédito,Completa
2110,2024-05-07,27,29,5,2,Tarjeta de Crédito,Pendiente
2136,2024-05-07,150,12,6,2,Tarjeta de Crédito,Completa
2568,2024-05-07,92,33,4,4,Mercado Pago,Completa
897,2024-05-08,234,23,5,4,Mercado Pago,Completa
1051,2024-05-08,308,7,2,5,Transferencia,Pendiente
1235,2024-05-08,250,16,6,3,Tarjeta de Débito,Cancelada
1270,2024-05-08,173,29,6,4,Mercado Pago,Completa
1648,2024-05-08,50,31,1,5,Transferencia,Completa
1659,2024-05-08,283,21,4,5,Transferencia,Pendiente
2487,2024-05-08,250,35,5,3,Tarjeta de Débito,Pendiente
1019,2024-05-09,225,26,4,4,Mercado Pago,Completa
1921,2024-05-09,192,24,6,4,Mercado Pago,Completa
2193,2024-05-09,244,30,5,1,Efectivo,Completa
2452,2024-05-09,215,32,5,1,Efectivo,Completa
2485,2024-05-09,66,6,5,5,Transferencia,Completa
90,2024-05-10,161,16,3,5,Transferencia,Completa
182,2024-05-10,301,13,2,3,Tarjeta de Débito,Completa
303,2024-05-10,216,3,1,4,Mercado Pago,Pendiente
422,2024-05-10,81,11,2,4,Mercado Pago,Completa
524,2024-05-10,54,7,4,4,Mercado Pago,Pendiente
778,2024-05-10,46,6,1,4,Mercado Pago,Completa
1031,2024-05-10,103,10,4,5,Transferencia,Completa
1268,2024-05-10,14,8,4,1,Efectivo,Pendiente
1385,2024-05-10,151,13,4,5,Transferencia,Completa
1387,2024-05-10,156,27,6,5,Transferencia,Completa
1447,2024-05-10,75,37,2,5,Transferencia,Completa
1467,2024-05-10,59,4,1,1,Efectivo,Completa
1824,2024-05-10,73,26,3,1,Efectivo,Completa
2005,2024-05-10,45,28,3,4,Mercado Pago,Pendiente
2311,2024-05-10,45,18,2,4,Mercado Pago,Completa
2794,2024-05-10,114,38,2,5,Transferencia,Pendiente
63,2024-05-11,180,33,1,3,Tarjeta de Débito,Completa
214,2024-05-11,9,8,2,5,Transferencia,Completa
857,2024-05-11,325,24,1,1,Efectivo,Completa
1050,2024-05-11,115,27,3,4,Mercado Pago,Completa
1140,2024-05-11,184,23,1,5,Transferencia,Pendiente
1351,2024-05-11,222,4,5,5,Transferencia,Completa
1747,2024-05-11,138,15,4,2,Tarjeta de Crédito,Completa
1847,2024-05-11,56,18,5,4,Mercado Pago,Pendiente
1876,2024-05-11,265,3,6,5,Transferencia,Completa
2332,2024-05-11,301,3,2,5,Transferencia,Completa
2520,2024-05-11,103,10,5,5,Transferencia,Completa
2567,2024-05-11,56,27,3,5,Transferencia,Completa
2892,2024-05-11,185,27,3,5,Transferencia,Completa
49,2024-05-12,237,26,3,5,Transferencia,Pendiente
350,2024-05-12,98,34,3,1,Efectivo,Completa
715,2024-05-12,281,11,1,4,Mercado Pago,Completa
1151,2024-05-12,59,5,3,5,Transferencia,Completa
1923,2024-05-12,112,18,5,5,Transferencia,Completa
2114,2024-05-12,119,17,4,5,Transferencia,Pendiente
2289,2024-05-12,288,32,6,1,Efectivo,Pendiente
2344,2024-05-12,76,12,6,1,Efectivo,Completa
449,2024-05-13,21,34,4,5,Transferencia,Completa
684,2024-05-13,180,26,3,3,Tarjeta de Débito,Completa
902,2024-05-13,316,37,6,4,Mercado Pago,Completa
1067,2024-05-13,271,27,3,5,Transferencia,Completa
1097,2024-05-13,102,31,3,5,Transferencia,Completa
1731,2024-05-13,231,30,3,5,Transferencia,Pendiente
2020,2024-05-13,265,6,1,1,Efectivo,Completa
2493,2024-05-13,36,3,2,5,Transferencia,Completa
2728,2024-05-13,49,6,6,4,Mercado Pago,Completa
37,2024-05-14,12,36,5,4,Mercado Pago,Completa
337,2024-05-14,247,28,1,1,Efectivo,Completa
744,2024-05-14,326,9,1,5,Transferencia,Pendiente
796,2024-05-14,281,37,4,1,Efectivo,Completa
1155,2024-05-14,113,37,6,1,Efectivo,Completa
1685,2024-05-14,96,31,2,4,Mercado Pago,Completa
1699,2024-05-14,24,32,3,5,Transferencia,Completa
1933,2024-05-14,314,12,5,3,Tarjeta de Débito,Completa
2564,2024-05-14,117,8,2,4,Mercado Pago,Completa
2583,2024-05-14,220,26,4,4,Mercado Pago,Completa
2590,2024-05-14,283,21,4,3,Tarjeta de Débito,Completa
505,2024-05-15,316,38,5,4,Mercado Pago,Completa
1100,2024-05-15,18,29,2,2,Tarjeta de Crédito,Completa
1691,2024-05-15,283,9,1,4,Mercado Pago,Completa
1860,2024-05-15,54,28,5,3,Tarjeta de Débito,Completa
1875,2024-05-15,6,5,2,3,Tarjeta de Débito,Completa
1932,2024-05-15,146,37,1,5,Transferencia,Completa
2241,2024-05-15,25,9,3,4,Mercado Pago,Completa
655,2024-05-16,24,20,3,5,Transferencia,Completa
728,2024-05-16,193,23,1,3,Tarjeta de Débito,Completa
1358,2024-05-16,115,19,2,5,Transferencia,Completa
1368,2024-05-16,57,11,6,1,Efectivo,Completa
1665,2024-05-16,191,26,3,1,Efectivo,Completa
1870,2024-05-16,307,29,3,1,Efectivo,Completa
2221,2024-05-16,63,20,6,1,Efectivo,Completa
2339,2024-05-16,6,21,6,5,Transferencia,Completa
2921,2024-05-16,262,2,1,1,Efectivo,Pendiente
1269,2024-05-17,106,7,4,5,Transferencia,Completa
1294,2024-05-17,325,28,1,4,Mercado Pago,Completa
1415,2024-05-17,119,8,5,4,Mercado Pago,Completa
1569,2024-05-17,194,33,5,3,Tarjeta de Débito,Completa
1804,2024-05-17,184,4,2,1,Efectivo,Completa
2451,2024-05-17,311,12,1,3,Tarjeta de Débito,Completa
2674,2024-05-17,165,20,2,3,Tarjeta de Débito,Completa
2882,2024-05-17,23,25,2,5,Transferencia,Completa
808,2024-05-18,273,28,6,1,Efectivo,Pendiente
989,2024-05-18,115,6,4,3,Tarjeta de Débito,Pendiente
1431,2024-05-18,43,29,3,5,Transferencia,Completa
1703,2024-05-18,150,37,3,4,Mercado Pago,Completa
1905,2024-05-18,275,16,1,1,Efectivo,Completa
58,2024-05-19,157,5,6,1,Efectivo,Pendiente
263,2024-05-19,130,2,1,3,Tarjeta de Débito,Completa
542,2024-05-19,64,15,1,3,Tarjeta de Débito,Completa
1239,2024-05-19,254,34,1,1,Efectivo,Completa
1328,2024-05-19,91,29,2,4,Mercado Pago,Completa
1838,2024-05-19,299,26,5,4,Mercado Pago,Completa
1974,2024-05-19,99,17,1,4,Mercado Pago,Completa
2232,2024-05-19,64,20,1,1,Efectivo,Completa
180,2024-05-20,58,25,3,3,Tarjeta de Débito,Pendiente
227,2024-05-20,271,7,6,2,Tarjeta de Crédito,Completa
461,2024-05-20,185,16,1,5,Transferencia,Completa
824,2024-05-20,292,38,1,1,Efectivo,Pendiente
1587,2024-05-20,153,31,1,4,Mercado Pago,Completa
1727,2024-05-20,128,14,6,3,Tarjeta de Débito,Completa
1823,2024-05-20,189,4,1,4,Mercado Pago,Completa
1831,2024-05-20,306,10,4,2,Tarjeta de Crédito,Completa
1919,2024-05-20,67,36,3,4,Mercado Pago,Pendiente
2196,2024-05-20,175,23,2,4,Mercado Pago,Completa
2928,2024-05-20,159,15,1,1,Efectivo,Completa
380,2024-05-21,24,5,5,4,Mercado Pago,Pendiente
652,2024-05-21,316,23,1,4,Mercado Pago,Completa
723,2024-05-21,101,10,3,3,Tarjeta de Débito,Pendiente
1248,2024-05-21,86,2,3,1,Efectivo,Pendiente
1398,2024-05-21,202,24,3,4,Mercado Pago,Completa
1448,2024-05-21,289,26,5,5,Transferencia,Completa
1888,2024-05-21,281,32,5,3,Tarjeta de Débito,Completa
2712,2024-05-21,303,30,5,1,Efectivo,Completa
141,2024-05-22,115,5,3,5,Transferencia,Pendiente
329,2024-05-22,234,13,2,5,Transferencia,Completa
706,2024-05-22,287,1,1,4,Mercado Pago,Completa
1081,2024-05-22,249,21,3,4,Mercado Pago,Completa
1794,2024-05-22,144,5,6,5,Transferencia,Pendiente
2018,2024-05-22,69,27,6,1,Efectivo,Completa
51,2024-05-23,189,18,2,4,Mercado Pago,Completa
133,2024-05-23,220,22,4,4,Mercado Pago,Completa
286,2024-05-23,317,12,4,4,Mercado Pago,Completa
393,2024-05-23,195,30,4,4,Mercado Pago,Completa
951,2024-05-23,152,14,1,5,Transferencia,Completa
1291,2024-05-23,32,29,1,3,Tarjeta de Débito,Completa
1602,2024-05-23,123,31,2,1,Efectivo,Completa
1690,2024-05-23,94,24,3,5,Transferencia,Completa
1906,2024-05-23,158,21,3,5,Transferencia,Completa
1917,2024-05-23,168,29,4,1,Efectivo,Completa
2443,2024-05-23,74,13,6,4,Mercado Pago,Completa
2841,2024-05-23,303,15,6,5,Transferencia,Completa
128,2024-05-24,214,2,4,5,Transferencia,Completa
281,2024-05-24,2,5,5,4,Mercado Pago,Pendiente
397,2024-05-24,231,8,6,5,Transferencia,Completa
612,2024-05-24,307,28,4,5,Transferencia,Completa
935,2024-05-24,93,9,4,1,Efectivo,Completa
1350,2024-05-24,248,26,5,3,Tarjeta de Débito,Completa
1437,2024-05-24,197,19,3,4,Mercado Pago,Completa
1513,2024-05-24,119,36,3,4,Mercado Pago,Pendiente
2384,2024-05-24,238,16,5,1,Efectivo,Completa
2448,2024-05-24,242,37,5,1,Efectivo,Pendiente
30,2024-05-25,46,30,1,5,Transferencia,Completa
573,2024-05-25,264,10,6,5,Transferencia,Pendiente
956,2024-05-25,139,14,2,5,Transferencia,Pendiente
1141,2024-05-25,56,22,5,4,Mercado Pago,Pendiente
1615,2024-05-25,264,25,4,1,Efectivo,Completa
2717,2024-05-25,16,7,6,4,Mercado Pago,Completa
2803,2024-05-25,283,11,6,5,Transferencia,Pendiente
2918,2024-05-25,311,34,6,3,Tarjeta de Débito,Completa
190,2024-05-26,21,23,1,5,Transferencia,Completa
932,2024-05-26,213,4,6,1,Efectivo,Completa
1030,2024-05-26,44,32,4,4,Mercado Pago,Completa
1232,2024-05-26,241,5,3,3,Tarjeta de Débito,Cancelada
1349,2024-05-26,264,22,1,5,Transferencia,Completa
1581,2024-05-26,210,5,6,4,Mercado Pago,Pendiente
2086,2024-05-26,68,5,3,4,Mercado Pago,Completa
2441,2024-05-26,205,23,5,4,Mercado Pago,Pendiente
2991,2024-05-26,266,38,2,3,Tarjeta de Débito,Completa
70,2024-05-27,138,33,4,3,Tarjeta de Débito,Pendiente
485,2024-05-27,136,20,1,4,Mercado Pago,Completa
881,2024-05-27,39,16,1,4,Mercado Pago,Completa
1441,2024-05-27,145,19,2,1,Efectivo,Completa
1481,2024-05-27,148,35,3,3,Tarjeta de Débito,Pendiente
1661,2024-05-27,146,8,3,1,Efectivo,Completa
1752,2024-05-27,220,31,2,1,Efectivo,Completa
2093,2024-05-27,90,2,1,4,Mercado Pago,Completa
2123,2024-05-27,235,17,3,5,Transferencia,Completa
2599,2024-05-27,176,30,2,4,Mercado Pago,Completa
2940,2024-05-27,56,9,3,5,Transferencia,Pendiente
895,2024-05-28,194,12,4,4,Mercado Pago,Completa
1066,2024-05-28,182,29,5,1,Efectivo,Completa
1421,2024-05-28,89,17,3,3,Tarjeta de Débito,Pendiente
1576,2024-05-28,127,25,5,1,Efectivo,Completa
1709,2024-05-28,319,3,2,4,Mercado Pago,Pendiente
2098,2024-05-28,108,35,4,4,Mercado Pago,Completa
2880,2024-05-28,248,38,1,3,Tarjeta de Débito,Completa
554,2024-05-29,132,30,5,4,Mercado Pago,Completa
642,2024-05-29,240,26,5,2,Tarjeta de Crédito,Completa
717,2024-05-29,304,38,5,4,Mercado Pago,Completa
1837,2024-05-29,26,17,3,1,Efectivo,Completa
1844,2024-05-29,127,28,2,5,Transferencia,Completa
2475,2024-05-29,7,26,6,1,Efectivo,Completa
2761,2024-05-29,87,26,2,3,Tarjeta de Débito,Completa
2831,2024-05-29,180,15,5,4,Mercado Pago,Pendiente
6,2024-05-30,70,27,5,4,Mercado Pago,Pendiente
185,2024-05-30,97,28,5,4,Mercado Pago,Completa
197,2024-05-30,211,26,1,4,Mercado Pago,Completa
818,2024-05-30,159,10,2,1,Efectivo,Completa
1598,2024-05-30,243,32,6,4,Mercado Pago,Completa
1822,2024-05-30,311,27,4,4,Mercado Pago,Completa
1962,2024-05-30,82,5,2,4,Mercado Pago,Completa
2024,2024-05-30,282,8,4,5,Transferencia,Completa
2418,2024-05-30,308,27,4,3,Tarjeta de Débito,Completa
187,2024-05-31,118,8,5,2,Tarjeta de Crédito,Completa
650,2024-05-31,242,9,3,1,Efectivo,Pendiente
867,2024-05-31,77,12,2,1,Efectivo,Completa
1205,2024-05-31,285,27,3,4,Mercado Pago,Completa
1401,2024-05-31,313,32,4,4,Mercado Pago,Pendiente
1427,2024-05-31,234,24,5,5,Transferencia,Completa
1755,2024-05-31,198,16,4,3,Tarjeta de Débito,Completa
1985,2024-05-31,84,34,5,1,Efectivo,Completa
2315,2024-05-31,312,3,3,5,Transferencia,Completa
2821,2024-05-31,66,22,1,3,Tarjeta de Débito,Completa
2,2024-06-01,37,15,3,1,Efectivo,Completa
163,2024-06-01,165,11,6,2,Tarjeta de Crédito,Pendiente
383,2024-06-01,75,25,3,2,Tarjeta de Crédito,Completa
636,2024-06-01,185,31,6,1,Efectivo,Pendiente
699,2024-06-01,252,15,6,4,Mercado Pago,Completa
711,2024-06-01,149,35,4,1,Efectivo,Completa
944,2024-06-01,51,27,1,5,Transferencia,Completa
1054,2024-06-01,300,31,5,4,Mercado Pago,Completa
1502,2024-06-01,165,29,1,5,Transferencia,Completa
1562,2024-06-01,213,31,5,5,Transferencia,Pendiente
1751,2024-06-01,211,36,6,3,Tarjeta de Débito,Completa
2249,2024-06-01,124,29,2,4,Mercado Pago,Completa
2579,2024-06-01,66,27,5,5,Transferencia,Pendiente
2909,2024-06-01,277,24,3,3,Tarjeta de Débito,Completa
2979,2024-06-01,5,9,4,2,Tarjeta de Crédito,Pendiente
45,2024-06-02,11,30,3,5,Transferencia,Completa
177,2024-06-02,316,21,5,4,Mercado Pago,Completa
425,2024-06-02,138,5,5,4,Mercado Pago,Completa
516,2024-06-02,83,17,2,1,Efectivo,Pendiente
765,2024-06-02,229,25,4,4,Mercado Pago,Completa
922,2024-06-02,210,24,5,5,Transferencia,Completa
991,2024-06-02,104,4,2,2,Tarjeta de Crédito,Completa
1187,2024-06-02,154,5,5,3,Tarjeta de Débito,Completa
1244,2024-06-02,200,6,3,2,Tarjeta de Crédito,Completa
1518,2024-06-02,33,38,6,1,Efectivo,Completa
1590,2024-06-02,265,8,3,5,Transferencia,Pendiente
2181,2024-06-02,136,1,6,2,Tarjeta de Crédito,Completa
2308,2024-06-02,31,23,2,1,Efectivo,Completa
2498,2024-06-02,144,28,3,1,Efectivo,Completa
2505,2024-06-02,235,30,4,4,Mercado Pago,Pendiente
2566,2024-06-02,158,8,3,5,Transferencia,Completa
2824,2024-06-02,144,17,4,1,Efectivo,Completa
284,2024-06-03,176,36,5,4,Mercado Pago,Completa
1681,2024-06-03,167,2,3,3,Tarjeta de Débito,Completa
1935,2024-06-03,311,8,5,5,Transferencia,Completa
2057,2024-06-03,81,9,5,1,Efectivo,Completa
2300,2024-06-03,49,27,6,4,Mercado Pago,Completa
2304,2024-06-03,276,14,6,1,Efectivo,Completa
2433,2024-06-03,126,29,2,1,Efectivo,Completa
2476,2024-06-03,69,21,5,1,Efectivo,Completa
2614,2024-06-03,279,34,4,5,Transferencia,Pendiente
2790,2024-06-03,97,34,1,5,Transferencia,Completa
2908,2024-06-03,48,21,2,4,Mercado Pago,Completa
466,2024-06-04,7,9,4,1,Efectivo,Completa
580,2024-06-04,195,32,1,5,Transferencia,Completa
833,2024-06-04,303,28,1,3,Tarjeta de Débito,Completa
996,2024-06-04,242,13,5,3,Tarjeta de Débito,Completa
1112,2024-06-04,171,37,3,5,Transferencia,Completa
2266,2024-06-04,108,5,3,4,Mercado Pago,Completa
2509,2024-06-04,114,9,1,4,Mercado Pago,Completa
2601,2024-06-04,218,32,3,5,Transferencia,Completa
2860,2024-06-04,156,14,6,5,Transferencia,Completa
2959,2024-06-04,197,19,2,4,Mercado Pago,Completa
512,2024-06-05,106,21,6,5,Transferencia,Completa
626,2024-06-05,324,21,1,1,Efectivo,Completa
710,2024-06-05,292,27,6,5,Transferencia,Completa
985,2024-06-05,29,12,3,3,Tarjeta de Débito,Completa
1225,2024-06-05,134,29,5,4,Mercado Pago,Completa
1243,2024-06-05,307,35,3,5,Transferencia,Completa
1281,2024-06-05,223,9,2,5,Transferencia,Completa
1563,2024-06-05,313,34,1,5,Transferencia,Completa
1857,2024-06-05,298,4,2,3,Tarjeta de Débito,Completa
2151,2024-06-05,127,18,2,2,Tarjeta de Crédito,Completa
2153,2024-06-05,282,25,6,4,Mercado Pago,Completa
2705,2024-06-05,305,23,5,4,Mercado Pago,Completa
260,2024-06-06,17,14,1,3,Tarjeta de Débito,Completa
300,2024-06-06,258,2,3,3,Tarjeta de Débito,Completa
623,2024-06-06,86,14,1,3,Tarjeta de Débito,Completa
739,2024-06-06,109,35,6,3,Tarjeta de Débito,Completa
1386,2024-06-06,125,15,2,1,Efectivo,Completa
1434,2024-06-06,5,5,2,3,Tarjeta de Débito,Completa
1966,2024-06-06,11,24,1,4,Mercado Pago,Completa
2002,2024-06-06,130,11,5,4,Mercado Pago,Completa
2060,2024-06-06,194,7,6,4,Mercado Pago,Pendiente
2218,2024-06-06,209,24,3,3,Tarjeta de Débito,Completa
2244,2024-06-06,108,30,1,4,Mercado Pago,Pendiente
357,2024-06-07,52,9,4,1,Efectivo,Completa
1035,2024-06-07,249,20,1,3,Tarjeta de Débito,Completa
1040,2024-06-07,298,18,6,4,Mercado Pago,Completa
1165,2024-06-07,30,13,5,5,Transferencia,Pendiente
1182,2024-06-07,169,15,2,1,Efectivo,Completa
1805,2024-06-07,290,31,2,3,Tarjeta de Débito,Pendiente
2022,2024-06-07,211,30,3,5,Transferencia,Completa
2082,2024-06-07,169,19,2,4,Mercado Pago,Completa
2376,2024-06-07,168,21,4,3,Tarjeta de Débito,Completa
2655,2024-06-07,176,18,1,2,Tarjeta de Crédito,Completa
2855,2024-06-07,53,7,5,5,Transferencia,Completa
22,2024-06-08,257,31,6,2,Tarjeta de Crédito,Pendiente
41,2024-06-08,38,30,4,5,Transferencia,Completa
302,2024-06-08,155,14,2,4,Mercado Pago,Completa
312,2024-06-08,101,38,2,3,Tarjeta de Débito,Completa
495,2024-06-08,153,35,5,1,Efectivo,Completa
1010,2024-06-08,90,15,4,5,Transferencia,Completa
1343,2024-06-08,288,28,1,3,Tarjeta de Débito,Completa
1394,2024-06-08,245,20,4,4,Mercado Pago,Completa
1775,2024-06-08,126,21,1,3,Tarjeta de Débito,Completa
1787,2024-06-08,203,22,5,5,Transferencia,Completa
1924,2024-06-08,8,26,6,5,Transferencia,Pendiente
2009,2024-06-08,238,30,5,5,Transferencia,Completa
370,2024-06-09,194,21,4,5,Transferencia,Completa
1671,2024-06-09,304,22,6,5,Transferencia,Completa
1780,2024-06-09,40,23,3,4,Mercado Pago,Completa
2017,2024-06-09,226,7,6,5,Transferencia,Completa
2116,2024-06-09,187,20,4,5,Transferencia,Completa
2186,2024-06-09,234,13,3,1,Efectivo,Pendiente
2405,2024-06-09,77,28,2,1,Efectivo,Completa
2450,2024-06-09,49,3,6,5,Transferencia,Completa
2654,2024-06-09,224,14,3,2,Tarjeta de Crédito,Pendiente
2648,2024-06-10,299,31,1,1,Efectivo,Completa
2653,2024-06-10,255,8,1,2,Tarjeta de Crédito,Pendiente
2657,2024-06-10,171,12,1,4,Mercado Pago,Completa
683,2024-06-11,200,35,3,4,Mercado Pago,Completa
685,2024-06-11,201,20,2,3,Tarjeta de Débito,Completa
959,2024-06-11,66,26,1,1,Efectivo,Completa
967,2024-06-11,55,29,4,5,Transferencia,Completa
1375,2024-06-11,49,4,3,4,Mercado Pago,Completa
1757,2024-06-11,272,18,1,3,Tarjeta de Débito,Completa
2437,2024-06-11,139,28,3,5,Transferencia,Completa
2447,2024-06-11,53,18,1,5,Transferencia,Completa
2484,2024-06-11,151,28,1,2,Tarjeta de Crédito,Completa
2586,2024-06-11,184,11,2,4,Mercado Pago,Completa
2967,2024-06-11,234,17,5,4,Mercado Pago,Completa
597,2024-06-12,250,10,6,5,Transferencia,Completa
774,2024-06-12,148,5,4,4,Mercado Pago,Completa
969,2024-06-12,118,37,2,4,Mercado Pago,Pendiente
1135,2024-06-12,86,9,5,2,Tarjeta de Crédito,Completa
1323,2024-06-12,106,16,3,5,Transferencia,Completa
1425,2024-06-12,306,11,1,4,Mercado Pago,Completa
1636,2024-06-12,152,12,5,4,Mercado Pago,Completa
1673,2024-06-12,140,3,3,2,Tarjeta de Crédito,Completa
1741,2024-06-12,61,20,3,1,Efectivo,Completa
2036,2024-06-12,158,10,6,3,Tarjeta de Débito,Completa
2270,2024-06-12,200,22,4,5,Transferencia,Completa
2685,2024-06-12,40,38,2,4,Mercado Pago,Completa
2737,2024-06-12,285,19,5,3,Tarjeta de Débito,Completa
2887,2024-06-12,24,16,6,5,Transferencia,Pendiente
2990,2024-06-12,297,31,3,5,Transferencia,Pendiente
586,2024-06-13,128,25,2,4,Mercado Pago,Completa
616,2024-06-13,125,20,1,4,Mercado Pago,Completa
789,2024-06-13,129,26,1,3,Tarjeta de Débito,Completa
863,2024-06-13,186,32,3,5,Transferencia,Completa
1003,2024-06-13,19,11,1,5,Transferencia,Completa
1064,2024-06-13,152,2,6,1,Efectivo,Completa
1337,2024-06-13,77,4,2,3,Tarjeta de Débito,Completa
1593,2024-06-13,231,36,6,5,Transferencia,Completa
2074,2024-06-13,172,20,1,5,Transferencia,Completa
2691,2024-06-13,72,20,4,4,Mercado Pago,Completa
2894,2024-06-13,259,15,2,1,Efectivo,Completa
2975,2024-06-13,50,25,6,5,Transferencia,Completa
309,2024-06-14,148,33,3,5,Transferencia,Completa
603,2024-06-14,249,1,4,5,Transferencia,Pendiente
972,2024-06-14,181,35,2,4,Mercado Pago,Completa
1543,2024-06-14,130,37,3,2,Tarjeta de Crédito,Completa
2582,2024-06-14,124,32,2,1,Efectivo,Completa
2700,2024-06-14,39,21,6,3,Tarjeta de Débito,Completa
2767,2024-06-14,245,29,5,5,Transferencia,Completa
2955,2024-06-14,311,20,5,1,Efectivo,Completa
96,2024-06-15,93,14,3,5,Transferencia,Completa
243,2024-06-15,54,32,3,4,Mercado Pago,Completa
244,2024-06-15,188,7,5,1,Efectivo,Completa
510,2024-06-15,250,10,3,4,Mercado Pago,Completa
694,2024-06-15,114,19,5,5,Transferencia,Completa
1324,2024-06-15,41,18,5,5,Transferencia,Completa
1369,2024-06-15,232,9,1,1,Efectivo,Completa
1653,2024-06-15,124,6,2,5,Transferencia,Completa
1702,2024-06-15,289,6,1,5,Transferencia,Completa
1803,2024-06-15,100,27,5,4,Mercado Pago,Completa
1902,2024-06-15,55,37,5,4,Mercado Pago,Completa
2240,2024-06-15,258,33,4,3,Tarjeta de Débito,Completa
2364,2024-06-15,285,26,2,4,Mercado Pago,Pendiente
2435,2024-06-15,80,35,5,4,Mercado Pago,Completa
2511,2024-06-15,259,37,3,3,Tarjeta de Débito,Pendiente
506,2024-06-16,287,27,6,4,Mercado Pago,Completa
579,2024-06-16,144,23,1,3,Tarjeta de Débito,Completa
622,2024-06-16,244,30,1,4,Mercado Pago,Completa
660,2024-06-16,205,3,3,5,Transferencia,Completa
733,2024-06-16,111,29,3,3,Tarjeta de Débito,Completa
836,2024-06-16,165,4,4,3,Tarjeta de Débito,Pendiente
1131,2024-06-16,134,6,1,3,Tarjeta de Débito,Pendiente
1354,2024-06-16,71,38,2,1,Efectivo,Pendiente
1404,2024-06-16,57,19,3,3,Tarjeta de Débito,Completa
1423,2024-06-16,264,1,1,3,Tarjeta de Débito,Completa
1551,2024-06-16,162,1,1,1,Efectivo,Completa
1643,2024-06-16,170,7,6,2,Tarjeta de Crédito,Completa
1688,2024-06-16,297,12,3,5,Transferencia,Completa
1692,2024-06-16,295,35,2,4,Mercado Pago,Pendiente
1758,2024-06-16,38,26,4,3,Tarjeta de Débito,Completa
1881,2024-06-16,218,24,5,3,Tarjeta de Débito,Completa
949,2024-06-17,29,19,2,3,Tarjeta de Débito,Pendiente
1167,2024-06-17,311,7,4,5,Transferencia,Completa
1234,2024-06-17,276,25,5,5,Transferencia,Cancelada
1464,2024-06-17,268,18,1,1,Efectivo,Completa
1760,2024-06-17,124,36,2,3,Tarjeta de Débito,Completa
1761,2024-06-17,260,8,4,4,Mercado Pago,Completa
2338,2024-06-17,137,29,6,3,Tarjeta de Débito,Pendiente
2658,2024-06-17,235,36,6,3,Tarjeta de Débito,Completa
2828,2024-06-17,233,18,6,4,Mercado Pago,Completa
450,2024-06-18,235,4,5,5,Transferencia,Completa
628,2024-06-18,245,38,1,4,Mercado Pago,Completa
730,2024-06-18,201,26,6,1,Efectivo,Completa
928,2024-06-18,152,3,6,4,Mercado Pago,Completa
1341,2024-06-18,133,15,5,1,Efectivo,Pendiente
2050,2024-06-18,58,24,4,2,Tarjeta de Crédito,Completa
343,2024-06-19,14,29,1,4,Mercado Pago,Completa
861,2024-06-19,34,23,4,5,Transferencia,Completa
865,2024-06-19,60,2,5,1,Efectivo,Completa
1124,2024-06-19,232,7,3,3,Tarjeta de Débito,Completa
1355,2024-06-19,106,22,2,1,Efectivo,Completa
1530,2024-06-19,2,34,4,4,Mercado Pago,Completa
2178,2024-06-19,54,7,2,4,Mercado Pago,Completa
2351,2024-06-19,114,3,2,4,Mercado Pago,Completa
330,2024-06-20,63,13,3,1,Efectivo,Completa
1509,2024-06-20,36,18,5,4,Mercado Pago,Completa
1954,2024-06-20,120,17,4,5,Transferencia,Completa
2023,2024-06-20,280,24,2,1,Efectivo,Completa
2257,2024-06-20,137,15,5,3,Tarjeta de Débito,Completa
2354,2024-06-20,20,15,3,5,Transferencia,Completa
2492,2024-06-20,68,31,2,3,Tarjeta de Débito,Pendiente
2636,2024-06-20,88,19,4,3,Tarjeta de Débito,Completa
950,2024-06-21,119,33,6,2,Tarjeta de Crédito,Pendiente
1534,2024-06-21,12,5,2,5,Transferencia,Completa
1583,2024-06-21,53,30,2,1,Efectivo,Completa
1890,2024-06-21,6,3,1,5,Transferencia,Completa
1945,2024-06-21,190,35,3,1,Efectivo,Completa
1987,2024-06-21,90,15,4,4,Mercado Pago,Completa
2068,2024-06-21,224,27,6,5,Transferencia,Completa
2750,2024-06-21,3,22,4,1,Efectivo,Completa
2956,2024-06-21,307,26,1,3,Tarjeta de Débito,Completa
98,2024-06-22,177,20,1,1,Efectivo,Completa
533,2024-06-22,83,4,2,5,Transferencia,Completa
743,2024-06-22,271,5,5,5,Transferencia,Completa
1412,2024-06-22,60,28,2,5,Transferencia,Completa
1764,2024-06-22,268,7,4,4,Mercado Pago,Completa
1843,2024-06-22,139,4,1,1,Efectivo,Completa
2334,2024-06-22,190,2,2,1,Efectivo,Completa
216,2024-06-23,270,8,4,4,Mercado Pago,Completa
941,2024-06-23,146,13,6,4,Mercado Pago,Pendiente
1117,2024-06-23,292,38,3,5,Transferencia,Completa
1348,2024-06-23,151,20,3,4,Mercado Pago,Completa
2163,2024-06-23,168,38,6,2,Tarjeta de Crédito,Completa
2780,2024-06-23,216,1,5,2,Tarjeta de Crédito,Completa
2806,2024-06-23,193,13,6,3,Tarjeta de Débito,Completa
375,2024-06-24,248,35,6,3,Tarjeta de Débito,Completa
445,2024-06-24,296,24,4,4,Mercado Pago,Completa
595,2024-06-24,271,27,5,4,Mercado Pago,Completa
1901,2024-06-24,53,1,3,3,Tarjeta de Débito,Completa
2373,2024-06-24,125,26,1,1,Efectivo,Pendiente
2390,2024-06-24,159,8,2,4,Mercado Pago,Completa
2477,2024-06-24,90,6,6,5,Transferencia,Completa
27,2024-06-25,85,25,1,3,Tarjeta de Débito,Completa
50,2024-06-25,233,23,2,5,Transferencia,Completa
73,2024-06-25,143,26,3,1,Efectivo,Completa
192,2024-06-25,97,27,4,5,Transferencia,Completa
376,2024-06-25,201,8,5,5,Transferencia,Completa
1347,2024-06-25,223,1,6,5,Transferencia,Completa
1588,2024-06-25,324,3,6,1,Efectivo,Completa
1835,2024-06-25,100,26,4,5,Transferencia,Completa
2438,2024-06-25,287,14,1,5,Transferencia,Pendiente
2552,2024-06-25,310,31,6,5,Transferencia,Completa
2865,2024-06-25,265,22,2,4,Mercado Pago,Completa
2931,2024-06-25,41,29,3,1,Efectivo,Completa
2942,2024-06-25,215,28,4,3,Tarjeta de Débito,Completa
570,2024-06-26,185,19,5,3,Tarjeta de Débito,Completa
2014,2024-06-26,229,35,4,2,Tarjeta de Crédito,Completa
2633,2024-06-26,13,4,5,5,Transferencia,Completa
2820,2024-06-26,258,14,2,4,Mercado Pago,Completa
191,2024-06-27,186,11,1,3,Tarjeta de Débito,Completa
460,2024-06-27,166,27,3,1,Efectivo,Completa
578,2024-06-27,180,15,2,5,Transferencia,Completa
750,2024-06-27,198,30,2,5,Transferencia,Completa
2268,2024-06-27,260,4,6,4,Mercado Pago,Completa
2411,2024-06-27,178,24,2,5,Transferencia,Completa
2516,2024-06-27,268,17,4,5,Transferencia,Completa
2671,2024-06-27,36,24,1,5,Transferencia,Completa
2881,2024-06-27,163,9,5,3,Tarjeta de Débito,Completa
268,2024-06-28,119,32,5,1,Efectivo,Completa
819,2024-06-28,252,2,4,1,Efectivo,Completa
866,2024-06-28,46,33,2,5,Transferencia,Completa
1695,2024-06-28,103,16,5,3,Tarjeta de Débito,Completa
1766,2024-06-28,46,11,6,4,Mercado Pago,Completa
1950,2024-06-28,111,15,5,1,Efectivo,Pendiente
1980,2024-06-28,160,30,4,5,Transferencia,Pendiente
2330,2024-06-28,254,12,4,3,Tarjeta de Débito,Completa
2946,2024-06-28,296,11,6,5,Transferencia,Pendiente
21,2024-06-29,184,27,2,1,Efectivo,Completa
754,2024-06-29,216,23,4,3,Tarjeta de Débito,Completa
825,2024-06-29,120,29,6,4,Mercado Pago,Completa
1329,2024-06-29,233,27,6,1,Efectivo,Completa
1384,2024-06-29,62,30,4,3,Tarjeta de Débito,Completa
1452,2024-06-29,56,20,1,4,Mercado Pago,Completa
1462,2024-06-29,86,11,5,5,Transferencia,Completa
1658,2024-06-29,193,1,3,1,Efectivo,Completa
1693,2024-06-29,68,6,2,4,Mercado Pago,Completa
1797,2024-06-29,192,4,6,5,Transferencia,Completa
1849,2024-06-29,30,30,3,4,Mercado Pago,Pendiente
2399,2024-06-29,73,37,2,1,Efectivo,Pendiente
2721,2024-06-29,29,20,2,4,Mercado Pago,Completa
79,2024-06-30,133,24,4,4,Mercado Pago,Pendiente
599,2024-06-30,61,37,6,4,Mercado Pago,Completa
920,2024-06-30,50,33,1,1,Efectivo,Completa
1260,2024-06-30,115,25,2,4,Mercado Pago,Completa
1851,2024-06-30,318,35,5,4,Mercado Pago,Pendiente
2070,2024-06-30,89,17,1,1,Efectivo,Completa
2314,2024-06-30,171,28,6,3,Tarjeta de Débito,Completa
2396,2024-06-30,176,2,3,2,Tarjeta de Crédito,Completa
2462,2024-06-30,102,37,4,2,Tarjeta de Crédito,Pendiente
2609,2024-06-30,148,12,6,3,Tarjeta de Débito,Completa
2663,2024-06-30,251,11,4,5,Transferencia,Pendiente
2766,2024-06-30,185,37,1,1,Efectivo,Completa
507,2024-07-01,73,38,6,5,Transferencia,Completa
804,2024-07-01,154,10,2,5,Transferencia,Pendiente
1052,2024-07-01,219,18,1,3,Tarjeta de Débito,Pendiente
1159,2024-07-01,233,21,2,1,Efectivo,Completa
1186,2024-07-01,24,23,6,4,Mercado Pago,Completa
2393,2024-07-01,58,15,4,1,Efectivo,Completa
2672,2024-07-01,49,24,6,3,Tarjeta de Débito,Completa
201,2024-07-02,141,14,3,4,Mercado Pago,Completa
219,2024-07-02,24,23,6,4,Mercado Pago,Completa
306,2024-07-02,14,38,2,5,Transferencia,Completa
474,2024-07-02,25,18,3,4,Mercado Pago,Completa
1005,2024-07-02,131,4,6,5,Transferencia,Completa
1746,2024-07-02,269,5,4,5,Transferencia,Completa
1798,2024-07-02,167,35,6,5,Transferencia,Completa
1897,2024-07-02,57,37,2,4,Mercado Pago,Pendiente
2150,2024-07-02,214,25,5,5,Transferencia,Completa
2194,2024-07-02,157,8,2,1,Efectivo,Completa
2224,2024-07-02,286,28,3,4,Mercado Pago,Pendiente
2787,2024-07-02,249,28,4,5,Transferencia,Completa
2916,2024-07-02,268,17,6,4,Mercado Pago,Completa
528,2024-07-03,93,37,2,3,Tarjeta de Débito,Completa
2034,2024-07-03,15,24,1,5,Transferencia,Completa
2077,2024-07-03,62,21,6,4,Mercado Pago,Completa
2503,2024-07-03,205,1,3,3,Tarjeta de Débito,Completa
2526,2024-07-03,246,3,4,5,Transferencia,Pendiente
2574,2024-07-03,62,2,3,5,Transferencia,Pendiente
2996,2024-07-03,22,17,4,5,Transferencia,Completa
24,2024-07-04,184,37,4,3,Tarjeta de Débito,Completa
288,2024-07-04,88,32,3,4,Mercado Pago,Completa
364,2024-07-04,128,34,1,5,Transferencia,Completa
700,2024-07-04,134,8,3,1,Efectivo,Completa
883,2024-07-04,222,2,2,5,Transferencia,Completa
1036,2024-07-04,230,30,2,5,Transferencia,Completa
1594,2024-07-04,253,4,1,1,Efectivo,Cancelada
1896,2024-07-04,302,19,6,1,Efectivo,Completa
2035,2024-07-04,225,18,6,1,Efectivo,Completa
2191,2024-07-04,80,12,4,3,Tarjeta de Débito,Completa
2715,2024-07-04,159,4,1,3,Tarjeta de Débito,Completa
184,2024-07-05,150,34,6,1,Efectivo,Completa
802,2024-07-05,214,1,6,5,Transferencia,Pendiente
1372,2024-07-05,41,23,4,4,Mercado Pago,Pendiente
1411,2024-07-05,75,35,6,3,Tarjeta de Débito,Completa
1839,2024-07-05,197,23,3,2,Tarjeta de Crédito,Completa
2529,2024-07-05,77,31,1,5,Transferencia,Completa
2624,2024-07-05,52,3,3,3,Tarjeta de Débito,Completa
2872,2024-07-05,277,27,3,4,Mercado Pago,Pendiente
67,2024-07-06,120,18,2,5,Transferencia,Completa
130,2024-07-06,273,29,4,1,Efectivo,Completa
181,2024-07-06,143,34,6,1,Efectivo,Completa
644,2024-07-06,232,9,5,2,Tarjeta de Crédito,Pendiente
960,2024-07-06,200,4,2,4,Mercado Pago,Completa
1091,2024-07-06,250,15,5,4,Mercado Pago,Completa
1338,2024-07-06,60,4,3,4,Mercado Pago,Completa
1626,2024-07-06,171,36,3,1,Efectivo,Completa
2168,2024-07-06,38,18,5,3,Tarjeta de Débito,Completa
2430,2024-07-06,264,9,4,5,Transferencia,Completa
2900,2024-07-06,152,12,5,4,Mercado Pago,Completa
2976,2024-07-06,214,29,5,3,Tarjeta de Débito,Completa
13,2024-07-07,75,32,4,4,Mercado Pago,Completa
536,2024-07-07,117,16,1,5,Transferencia,Completa
551,2024-07-07,146,7,6,4,Mercado Pago,Completa
688,2024-07-07,82,23,6,1,Efectivo,Pendiente
957,2024-07-07,198,17,5,4,Mercado Pago,Completa
975,2024-07-07,40,34,6,4,Mercado Pago,Completa
981,2024-07-07,33,17,6,5,Transferencia,Completa
1309,2024-07-07,4,24,3,5,Transferencia,Pendiente
1632,2024-07-07,224,38,1,1,Efectivo,Completa
1813,2024-07-07,90,35,1,3,Tarjeta de Débito,Pendiente
2198,2024-07-07,213,13,1,2,Tarjeta de Crédito,Completa
2832,2024-07-07,171,31,2,4,Mercado Pago,Completa
2958,2024-07-07,142,12,6,5,Transferencia,Completa
663,2024-07-08,183,18,2,5,Transferencia,Completa
746,2024-07-08,47,32,4,4,Mercado Pago,Pendiente
1123,2024-07-08,164,9,5,4,Mercado Pago,Completa
1944,2024-07-08,130,1,6,5,Transferencia,Completa
1989,2024-07-08,274,17,2,3,Tarjeta de Débito,Completa
2256,2024-07-08,242,31,5,2,Tarjeta de Crédito,Completa
97,2024-07-09,103,19,1,4,Mercado Pago,Pendiente
212,2024-07-09,75,9,2,4,Mercado Pago,Pendiente
372,2024-07-09,15,1,3,5,Transferencia,Completa
457,2024-07-09,154,31,5,5,Transferencia,Pendiente
557,2024-07-09,208,8,3,5,Transferencia,Completa
798,2024-07-09,10,24,5,4,Mercado Pago,Completa
1103,2024-07-09,10,34,6,5,Transferencia,Completa
1176,2024-07-09,253,34,6,5,Transferencia,Completa
1475,2024-07-09,39,33,5,5,Transferencia,Completa
1541,2024-07-09,184,13,2,5,Transferencia,Pendiente
1790,2024-07-09,225,30,2,2,Tarjeta de Crédito,Completa
1941,2024-07-09,133,13,2,4,Mercado Pago,Pendiente
2064,2024-07-09,306,30,5,4,Mercado Pago,Completa
2432,2024-07-09,190,20,2,5,Transferencia,Pendiente
2536,2024-07-09,194,29,3,3,Tarjeta de Débito,Completa
2629,2024-07-09,233,19,1,4,Mercado Pago,Pendiente
2639,2024-07-09,228,35,5,5,Transferencia,Completa
2727,2024-07-09,167,17,1,3,Tarjeta de Débito,Completa
2788,2024-07-09,18,25,3,4,Mercado Pago,Completa
2822,2024-07-09,27,14,1,1,Efectivo,Completa
1393,2024-07-10,121,27,5,3,Tarjeta de Débito,Completa
1628,2024-07-10,307,35,2,4,Mercado Pago,Completa
2414,2024-07-10,97,19,3,2,Tarjeta de Crédito,Completa
2857,2024-07-10,111,25,3,5,Transferencia,Completa
848,2024-07-11,227,1,3,3,Tarjeta de Débito,Pendiente
1388,2024-07-11,79,5,3,4,Mercado Pago,Completa
1514,2024-07-11,156,14,1,4,Mercado Pago,Completa
1611,2024-07-11,297,8,2,4,Mercado Pago,Completa
2254,2024-07-11,303,10,2,3,Tarjeta de Débito,Pendiente
2255,2024-07-11,180,35,5,1,Efectivo,Completa
2290,2024-07-11,216,19,3,5,Transferencia,Pendiente
2496,2024-07-11,262,5,3,4,Mercado Pago,Completa
2930,2024-07-11,198,30,4,4,Mercado Pago,Completa
2932,2024-07-11,313,23,1,5,Transferencia,Completa
2963,2024-07-11,9,16,4,5,Transferencia,Completa
560,2024-07-12,300,23,1,5,Transferencia,Completa
646,2024-07-12,25,27,5,4,Mercado Pago,Completa
1077,2024-07-12,268,34,4,4,Mercado Pago,Completa
1262,2024-07-12,313,21,2,5,Transferencia,Pendiente
1459,2024-07-12,176,37,5,2,Tarjeta de Crédito,Completa
1476,2024-07-12,12,26,3,1,Efectivo,Completa
1676,2024-07-12,324,36,5,4,Mercado Pago,Completa
1729,2024-07-12,118,33,6,4,Mercado Pago,Completa
1791,2024-07-12,250,16,4,4,Mercado Pago,Completa
2768,2024-07-12,307,13,1,3,Tarjeta de Débito,Completa
143,2024-07-13,184,31,6,2,Tarjeta de Crédito,Completa
776,2024-07-13,175,6,6,4,Mercado Pago,Completa
1440,2024-07-13,278,16,1,1,Efectivo,Completa
2052,2024-07-13,322,19,4,4,Mercado Pago,Completa
2743,2024-07-13,251,5,5,4,Mercado Pago,Completa
246,2024-07-14,171,26,3,2,Tarjeta de Crédito,Completa
391,2024-07-14,34,16,3,5,Transferencia,Completa
473,2024-07-14,229,29,4,4,Mercado Pago,Completa
619,2024-07-14,121,35,2,4,Mercado Pago,Completa
1397,2024-07-14,112,13,2,1,Efectivo,Completa
1620,2024-07-14,267,32,2,4,Mercado Pago,Completa
1778,2024-07-14,208,19,4,3,Tarjeta de Débito,Completa
2342,2024-07-14,180,22,6,4,Mercado Pago,Completa
2886,2024-07-14,67,19,1,1,Efectivo,Completa
548,2024-07-15,229,30,6,5,Transferencia,Pendiente
2083,2024-07-15,44,6,2,4,Mercado Pago,Completa
2577,2024-07-15,240,11,3,2,Tarjeta de Crédito,Completa
48,2024-07-16,13,4,2,3,Tarjeta de Débito,Pendiente
74,2024-07-16,125,19,4,5,Transferencia,Pendiente
648,2024-07-16,198,35,6,1,Efectivo,Pendiente
893,2024-07-16,183,29,4,3,Tarjeta de Débito,Completa
1345,2024-07-16,149,27,1,4,Mercado Pago,Completa
1400,2024-07-16,299,22,4,4,Mercado Pago,Completa
1871,2024-07-16,184,20,1,5,Transferencia,Completa
2158,2024-07-16,148,38,3,4,Mercado Pago,Pendiente
412,2024-07-17,170,9,1,4,Mercado Pago,Completa
671,2024-07-17,286,22,1,1,Efectivo,Pendiente
768,2024-07-17,168,19,5,3,Tarjeta de Débito,Completa
974,2024-07-17,175,23,2,5,Transferencia,Completa
1093,2024-07-17,52,36,3,1,Efectivo,Completa
1335,2024-07-17,33,28,4,4,Mercado Pago,Completa
1664,2024-07-17,17,11,2,4,Mercado Pago,Pendiente
1898,2024-07-17,261,20,4,4,Mercado Pago,Completa
2061,2024-07-17,318,30,2,4,Mercado Pago,Completa
2133,2024-07-17,92,13,6,3,Tarjeta de Débito,Completa
2139,2024-07-17,234,18,6,4,Mercado Pago,Completa
2321,2024-07-17,34,20,6,4,Mercado Pago,Completa
489,2024-07-18,152,27,6,5,Transferencia,Completa
519,2024-07-18,174,38,3,1,Efectivo,Completa
549,2024-07-18,211,4,3,5,Transferencia,Pendiente
1216,2024-07-18,123,23,6,3,Tarjeta de Débito,Completa
1305,2024-07-18,134,38,1,3,Tarjeta de Débito,Completa
1493,2024-07-18,291,15,4,5,Transferencia,Completa
2412,2024-07-18,5,36,3,1,Efectivo,Completa
2902,2024-07-18,325,32,3,5,Transferencia,Completa
148,2024-07-19,50,9,6,2,Tarjeta de Crédito,Completa
241,2024-07-19,158,7,5,3,Tarjeta de Débito,Pendiente
335,2024-07-19,277,11,2,4,Mercado Pago,Pendiente
977,2024-07-19,25,12,1,1,Efectivo,Completa
1395,2024-07-19,265,3,4,4,Mercado Pago,Pendiente
1546,2024-07-19,283,10,1,3,Tarjeta de Débito,Completa
2474,2024-07-19,188,19,3,4,Mercado Pago,Pendiente
2557,2024-07-19,156,7,1,1,Efectivo,Completa
2652,2024-07-19,247,23,1,1,Efectivo,Completa
2800,2024-07-19,226,8,4,2,Tarjeta de Crédito,Completa
2811,2024-07-19,253,26,6,5,Transferencia,Completa
2830,2024-07-19,11,27,1,5,Transferencia,Completa
2966,2024-07-19,203,37,4,4,Mercado Pago,Completa
2977,2024-07-19,288,21,2,2,Tarjeta de Crédito,Completa
500,2024-07-20,175,35,3,5,Transferencia,Pendiente
514,2024-07-20,298,38,5,5,Transferencia,Completa
682,2024-07-20,200,17,2,2,Tarjeta de Crédito,Completa
707,2024-07-20,216,8,4,3,Tarjeta de Débito,Completa
777,2024-07-20,235,9,1,5,Transferencia,Completa
803,2024-07-20,227,2,4,4,Mercado Pago,Pendiente
1461,2024-07-20,87,5,4,1,Efectivo,Completa
1547,2024-07-20,122,21,2,2,Tarjeta de Crédito,Completa
2676,2024-07-20,83,25,2,4,Mercado Pago,Completa
367,2024-07-21,163,6,3,4,Mercado Pago,Completa
666,2024-07-21,20,10,3,3,Tarjeta de Débito,Completa
1017,2024-07-21,200,24,2,3,Tarjeta de Débito,Completa
1023,2024-07-21,104,4,2,5,Transferencia,Pendiente
1885,2024-07-21,219,17,6,4,Mercado Pago,Completa
1887,2024-07-21,19,19,2,5,Transferencia,Completa
1943,2024-07-21,235,15,2,4,Mercado Pago,Completa
2111,2024-07-21,289,23,2,3,Tarjeta de Débito,Completa
81,2024-07-22,160,10,2,3,Tarjeta de Débito,Completa
291,2024-07-22,79,37,6,3,Tarjeta de Débito,Completa
555,2024-07-22,234,27,5,3,Tarjeta de Débito,Completa
1034,2024-07-22,125,26,3,1,Efectivo,Pendiente
1641,2024-07-22,319,29,6,4,Mercado Pago,Pendiente
1848,2024-07-22,323,2,5,2,Tarjeta de Crédito,Completa
1990,2024-07-22,242,16,4,5,Transferencia,Completa
2440,2024-07-22,21,35,6,4,Mercado Pago,Completa
2837,2024-07-22,324,14,1,3,Tarjeta de Débito,Completa
280,2024-07-23,279,2,1,3,Tarjeta de Débito,Completa
538,2024-07-23,243,37,1,1,Efectivo,Pendiente
574,2024-07-23,17,17,5,5,Transferencia,Completa
1145,2024-07-23,90,25,6,2,Tarjeta de Crédito,Completa
1261,2024-07-23,318,30,4,1,Efectivo,Completa
1500,2024-07-23,141,23,5,4,Mercado Pago,Pendiente
1912,2024-07-23,23,21,1,4,Mercado Pago,Completa
2170,2024-07-23,130,2,1,4,Mercado Pago,Pendiente
2736,2024-07-23,133,35,4,3,Tarjeta de Débito,Completa
2749,2024-07-23,248,18,2,1,Efectivo,Completa
2927,2024-07-23,270,13,6,4,Mercado Pago,Completa
92,2024-07-24,190,22,2,5,Transferencia,Completa
953,2024-07-24,134,33,3,3,Tarjeta de Débito,Completa
1314,2024-07-24,290,6,3,2,Tarjeta de Crédito,Completa
1994,2024-07-24,323,31,6,5,Transferencia,Completa
2215,2024-07-24,35,28,1,1,Efectivo,Pendiente
2277,2024-07-24,144,36,3,2,Tarjeta de Crédito,Completa
2528,2024-07-24,164,13,1,1,Efectivo,Completa
2695,2024-07-24,58,31,1,5,Transferencia,Completa
2725,2024-07-24,256,6,3,1,Efectivo,Completa
104,2024-07-25,171,21,2,5,Transferencia,Completa
939,2024-07-25,150,14,2,5,Transferencia,Completa
1255,2024-07-25,25,35,6,4,Mercado Pago,Pendiente
1353,2024-07-25,317,34,3,1,Efectivo,Completa
1408,2024-07-25,124,12,1,5,Transferencia,Completa
1580,2024-07-25,209,9,6,3,Tarjeta de Débito,Completa
1744,2024-07-25,314,34,3,5,Transferencia,Completa
2471,2024-07-25,32,35,2,3,Tarjeta de Débito,Completa
2525,2024-07-25,231,38,4,5,Transferencia,Completa
19,2024-07-26,47,31,6,1,Efectivo,Pendiente
323,2024-07-26,295,22,3,2,Tarjeta de Crédito,Completa
392,2024-07-26,150,15,5,5,Transferencia,Completa
410,2024-07-26,165,34,5,2,Tarjeta de Crédito,Pendiente
515,2024-07-26,35,13,3,4,Mercado Pago,Completa
689,2024-07-26,187,33,3,1,Efectivo,Completa
770,2024-07-26,123,9,1,1,Efectivo,Completa
1004,2024-07-26,71,29,5,5,Transferencia,Completa
1070,2024-07-26,174,12,6,4,Mercado Pago,Completa
1233,2024-07-26,199,16,4,3,Tarjeta de Débito,Cancelada
1678,2024-07-26,170,32,6,4,Mercado Pago,Pendiente
2760,2024-07-26,159,16,5,4,Mercado Pago,Completa
2779,2024-07-26,237,26,3,5,Transferencia,Completa
2836,2024-07-26,139,13,5,1,Efectivo,Completa
2986,2024-07-26,228,11,4,4,Mercado Pago,Completa
344,2024-07-27,151,19,2,3,Tarjeta de Débito,Pendiente
475,2024-07-27,314,36,5,1,Efectivo,Completa
771,2024-07-27,78,32,4,2,Tarjeta de Crédito,Completa
1516,2024-07-27,22,14,2,4,Mercado Pago,Completa
1858,2024-07-27,301,26,2,4,Mercado Pago,Pendiente
2237,2024-07-27,233,38,5,4,Mercado Pago,Completa
2282,2024-07-27,192,6,6,4,Mercado Pago,Completa
2293,2024-07-27,300,6,3,4,Mercado Pago,Completa
411,2024-07-28,142,23,5,4,Mercado Pago,Completa
838,2024-07-28,304,38,3,1,Efectivo,Completa
2389,2024-07-28,64,29,1,1,Efectivo,Completa
178,2024-07-29,159,21,1,3,Tarjeta de Débito,Pendiente
257,2024-07-29,249,28,5,4,Mercado Pago,Pendiente
531,2024-07-29,24,27,2,4,Mercado Pago,Completa
701,2024-07-29,77,21,2,3,Tarjeta de Débito,Pendiente
1515,2024-07-29,22,3,3,1,Efectivo,Completa
1850,2024-07-29,301,15,4,4,Mercado Pago,Completa
2994,2024-07-29,162,17,3,3,Tarjeta de Débito,Completa
121,2024-07-30,114,38,4,5,Transferencia,Completa
202,2024-07-30,170,6,5,4,Mercado Pago,Completa
308,2024-07-30,153,29,2,4,Mercado Pago,Completa
381,2024-07-30,140,29,4,2,Tarjeta de Crédito,Completa
906,2024-07-30,179,13,1,5,Transferencia,Completa
930,2024-07-30,91,7,6,4,Mercado Pago,Completa
1106,2024-07-30,153,2,1,4,Mercado Pago,Pendiente
1196,2024-07-30,239,32,2,1,Efectivo,Completa
1520,2024-07-30,209,1,4,5,Transferencia,Completa
1617,2024-07-30,162,32,1,4,Mercado Pago,Completa
1672,2024-07-30,188,8,5,5,Transferencia,Completa
1938,2024-07-30,125,16,3,4,Mercado Pago,Completa
2423,2024-07-30,157,1,5,3,Tarjeta de Débito,Completa
2656,2024-07-30,207,14,4,5,Transferencia,Completa
2846,2024-07-30,200,15,4,5,Transferencia,Completa
2849,2024-07-30,153,26,2,4,Mercado Pago,Completa
146,2024-07-31,148,8,2,4,Mercado Pago,Completa
220,2024-07-31,156,5,6,5,Transferencia,Pendiente
1279,2024-07-31,302,33,4,1,Efectivo,Completa
1297,2024-07-31,32,24,2,1,Efectivo,Completa
1316,2024-07-31,251,2,3,4,Mercado Pago,Pendiente
1352,2024-07-31,205,7,6,4,Mercado Pago,Pendiente
47,2024-08-01,86,31,4,2,Tarjeta de Crédito,Completa
631,2024-08-01,120,20,1,1,Efectivo,Completa
929,2024-08-01,164,31,5,3,Tarjeta de Débito,Pendiente
1090,2024-08-01,43,3,3,4,Mercado Pago,Pendiente
1973,2024-08-01,80,20,3,3,Tarjeta de Débito,Completa
2118,2024-08-01,199,7,2,5,Transferencia,Completa
2210,2024-08-01,140,5,2,3,Tarjeta de Débito,Completa
2285,2024-08-01,78,4,3,4,Mercado Pago,Pendiente
2408,2024-08-01,89,15,1,5,Transferencia,Completa
2502,2024-08-01,326,31,5,1,Efectivo,Completa
57,2024-08-02,305,13,1,5,Transferencia,Completa
313,2024-08-02,250,30,1,5,Transferencia,Completa
333,2024-08-02,26,35,1,1,Efectivo,Completa
336,2024-08-02,80,20,6,5,Transferencia,Completa
356,2024-08-02,278,2,6,4,Mercado Pago,Completa
550,2024-08-02,221,4,5,1,Efectivo,Completa
1377,2024-08-02,85,31,6,1,Efectivo,Pendiente
1407,2024-08-02,242,6,4,4,Mercado Pago,Completa
1496,2024-08-02,213,9,5,5,Transferencia,Pendiente
1522,2024-08-02,167,6,6,2,Tarjeta de Crédito,Completa
1955,2024-08-02,78,30,6,4,Mercado Pago,Completa
2361,2024-08-02,164,21,5,5,Transferencia,Pendiente
305,2024-08-03,78,11,6,4,Mercado Pago,Completa
1895,2024-08-03,125,13,4,5,Transferencia,Completa
1937,2024-08-03,326,25,1,1,Efectivo,Completa
2046,2024-08-03,13,22,1,5,Transferencia,Completa
2152,2024-08-03,153,25,2,2,Tarjeta de Crédito,Pendiente
2265,2024-08-03,37,26,5,4,Mercado Pago,Completa
211,2024-08-04,264,32,2,5,Transferencia,Completa
282,2024-08-04,189,3,2,5,Transferencia,Completa
1557,2024-08-04,165,37,5,1,Efectivo,Completa
1786,2024-08-04,209,33,4,4,Mercado Pago,Completa
2234,2024-08-04,278,27,2,4,Mercado Pago,Completa
153,2024-08-05,268,3,4,1,Efectivo,Completa
193,2024-08-05,20,1,2,1,Efectivo,Completa
486,2024-08-05,151,35,3,5,Transferencia,Completa
487,2024-08-05,93,36,2,5,Transferencia,Completa
584,2024-08-05,99,11,4,5,Transferencia,Completa
591,2024-08-05,111,37,5,2,Tarjeta de Crédito,Pendiente
854,2024-08-05,82,29,6,3,Tarjeta de Débito,Completa
880,2024-08-05,114,2,2,5,Transferencia,Completa
1009,2024-08-05,306,29,2,5,Transferencia,Completa
1432,2024-08-05,309,36,3,4,Mercado Pago,Completa
1482,2024-08-05,126,18,4,1,Efectivo,Completa
1604,2024-08-05,1,15,1,5,Transferencia,Completa
2187,2024-08-05,69,29,1,1,Efectivo,Completa
2357,2024-08-05,125,32,5,5,Transferencia,Completa
2618,2024-08-05,145,1,3,3,Tarjeta de Débito,Completa
2627,2024-08-05,241,36,4,2,Tarjeta de Crédito,Completa
2773,2024-08-05,248,31,4,3,Tarjeta de Débito,Completa
94,2024-08-06,174,31,1,1,Efectivo,Completa
175,2024-08-06,203,3,2,5,Transferencia,Pendiente
764,2024-08-06,43,9,2,5,Transferencia,Completa
1229,2024-08-06,107,22,1,4,Mercado Pago,Cancelada
1544,2024-08-06,60,26,6,3,Tarjeta de Débito,Completa
1767,2024-08-06,215,36,5,3,Tarjeta de Débito,Completa
2848,2024-08-06,157,9,4,3,Tarjeta de Débito,Completa
2852,2024-08-06,50,26,4,3,Tarjeta de Débito,Completa
62,2024-08-07,205,15,2,5,Transferencia,Completa
114,2024-08-07,46,23,6,1,Efectivo,Completa
126,2024-08-07,24,26,5,3,Tarjeta de Débito,Completa
839,2024-08-07,35,12,6,5,Transferencia,Completa
1038,2024-08-07,119,34,5,3,Tarjeta de Débito,Completa
1058,2024-08-07,67,15,5,1,Efectivo,Completa
1426,2024-08-07,326,15,6,3,Tarjeta de Débito,Completa
1527,2024-08-07,203,29,5,3,Tarjeta de Débito,Completa
2212,2024-08-07,99,23,3,1,Efectivo,Completa
2284,2024-08-07,58,15,4,5,Transferencia,Pendiente
2784,2024-08-07,44,35,3,5,Transferencia,Completa
398,2024-08-08,123,23,1,1,Efectivo,Pendiente
494,2024-08-08,143,8,6,4,Mercado Pago,Completa
1080,2024-08-08,202,27,6,4,Mercado Pago,Completa
1827,2024-08-08,13,28,2,3,Tarjeta de Débito,Pendiente
2049,2024-08-08,76,9,1,3,Tarjeta de Débito,Completa
2802,2024-08-08,326,16,4,3,Tarjeta de Débito,Completa
418,2024-08-09,252,32,4,1,Efectivo,Completa
1101,2024-08-09,127,6,6,1,Efectivo,Completa
1166,2024-08-09,151,9,5,4,Mercado Pago,Completa
2791,2024-08-09,124,33,2,3,Tarjeta de Débito,Completa
502,2024-08-10,231,23,1,4,Mercado Pago,Completa
594,2024-08-10,261,5,4,3,Tarjeta de Débito,Completa
703,2024-08-10,126,24,5,4,Mercado Pago,Completa
1865,2024-08-10,247,9,3,1,Efectivo,Completa
2324,2024-08-10,235,30,1,4,Mercado Pago,Completa
2748,2024-08-10,169,27,2,1,Efectivo,Completa
427,2024-08-11,132,34,5,3,Tarjeta de Débito,Completa
852,2024-08-11,139,26,3,5,Transferencia,Completa
1008,2024-08-11,204,11,5,5,Transferencia,Completa
1059,2024-08-11,24,29,3,1,Efectivo,Completa
1855,2024-08-11,237,8,6,1,Efectivo,Completa
1873,2024-08-11,234,9,2,5,Transferencia,Completa
1991,2024-08-11,21,35,2,1,Efectivo,Completa
1995,2024-08-11,159,9,2,5,Transferencia,Completa
2172,2024-08-11,238,12,3,3,Tarjeta de Débito,Completa
2692,2024-08-11,1,13,2,1,Efectivo,Pendiente
2702,2024-08-11,212,3,1,4,Mercado Pago,Completa
258,2024-08-12,42,31,1,4,Mercado Pago,Completa
315,2024-08-12,182,14,2,5,Transferencia,Pendiente
773,2024-08-12,247,26,2,1,Efectivo,Pendiente
1242,2024-08-12,62,38,4,5,Transferencia,Completa
1499,2024-08-12,262,32,1,4,Mercado Pago,Pendiente
2161,2024-08-12,280,16,1,4,Mercado Pago,Completa
2394,2024-08-12,94,34,1,2,Tarjeta de Crédito,Completa
2533,2024-08-12,12,21,1,1,Efectivo,Completa
2626,2024-08-12,321,10,2,5,Transferencia,Completa
2804,2024-08-12,11,1,1,5,Transferencia,Completa
2971,2024-08-12,124,7,6,3,Tarjeta de Débito,Completa
78,2024-08-13,60,13,6,4,Mercado Pago,Completa
149,2024-08-13,79,7,6,5,Transferencia,Pendiente
936,2024-08-13,98,2,2,4,Mercado Pago,Completa
1450,2024-08-13,98,12,2,2,Tarjeta de Crédito,Completa
1799,2024-08-13,325,19,2,3,Tarjeta de Débito,Completa
1979,2024-08-13,185,21,3,5,Transferencia,Completa
2316,2024-08-13,197,11,1,4,Mercado Pago,Completa
2329,2024-08-13,145,30,1,5,Transferencia,Pendiente
2796,2024-08-13,94,27,4,3,Tarjeta de Débito,Completa
2911,2024-08-13,140,22,3,1,Efectivo,Completa
17,2024-08-14,51,31,3,2,Tarjeta de Crédito,Completa
521,2024-08-14,140,26,6,4,Mercado Pago,Completa
987,2024-08-14,274,33,5,2,Tarjeta de Crédito,Completa
1147,2024-08-14,112,5,6,3,Tarjeta de Débito,Completa
1212,2024-08-14,58,20,5,1,Efectivo,Completa
1318,2024-08-14,219,13,1,4,Mercado Pago,Completa
1568,2024-08-14,148,6,2,3,Tarjeta de Débito,Completa
1675,2024-08-14,304,31,4,4,Mercado Pago,Completa
1723,2024-08-14,320,20,3,3,Tarjeta de Débito,Completa
1745,2024-08-14,294,17,1,5,Transferencia,Completa
1765,2024-08-14,307,24,2,5,Transferencia,Completa
2382,2024-08-14,326,22,3,1,Efectivo,Completa
2537,2024-08-14,57,26,2,1,Efectivo,Completa
2565,2024-08-14,318,19,5,1,Efectivo,Completa
2762,2024-08-14,145,27,4,2,Tarjeta de Crédito,Completa
403,2024-08-15,300,35,6,4,Mercado Pago,Completa
413,2024-08-15,137,3,1,2,Tarjeta de Crédito,Completa
1471,2024-08-15,123,25,5,5,Transferencia,Completa
1845,2024-08-15,70,26,1,4,Mercado Pago,Completa
2015,2024-08-15,33,5,5,5,Transferencia,Completa
2348,2024-08-15,138,15,6,1,Efectivo,Completa
2936,2024-08-15,241,25,2,4,Mercado Pago,Completa
129,2024-08-16,25,14,2,3,Tarjeta de Débito,Completa
204,2024-08-16,292,6,5,2,Tarjeta de Crédito,Completa
276,2024-08-16,103,3,1,5,Transferencia,Pendiente
388,2024-08-16,222,31,3,5,Transferencia,Completa
540,2024-08-16,26,16,4,3,Tarjeta de Débito,Completa
575,2024-08-16,112,6,1,4,Mercado Pago,Completa
679,2024-08-16,137,10,2,2,Tarjeta de Crédito,Pendiente
757,2024-08-16,52,4,6,4,Mercado Pago,Completa
1438,2024-08-16,101,16,6,3,Tarjeta de Débito,Completa
2130,2024-08-16,286,15,4,3,Tarjeta de Débito,Completa
139,2024-08-17,302,8,4,4,Mercado Pago,Pendiente
676,2024-08-17,291,38,6,1,Efectivo,Completa
1189,2024-08-17,31,10,5,5,Transferencia,Completa
1339,2024-08-17,279,2,3,5,Transferencia,Completa
1553,2024-08-17,25,8,5,5,Transferencia,Completa
1558,2024-08-17,318,23,1,5,Transferencia,Completa
2622,2024-08-17,27,35,4,5,Transferencia,Completa
69,2024-08-18,4,38,3,3,Tarjeta de Débito,Completa
266,2024-08-18,78,2,5,4,Mercado Pago,Completa
673,2024-08-18,257,12,3,4,Mercado Pago,Completa
816,2024-08-18,111,8,3,3,Tarjeta de Débito,Pendiente
829,2024-08-18,234,20,3,4,Mercado Pago,Completa
1094,2024-08-18,98,36,2,1,Efectivo,Pendiente
1891,2024-08-18,83,32,5,3,Tarjeta de Débito,Completa
2021,2024-08-18,240,37,3,2,Tarjeta de Crédito,Completa
2056,2024-08-18,320,36,6,4,Mercado Pago,Pendiente
2556,2024-08-18,162,26,4,1,Efectivo,Completa
633,2024-08-19,121,28,3,4,Mercado Pago,Completa
1109,2024-08-19,287,29,1,3,Tarjeta de Débito,Completa
1122,2024-08-19,313,19,2,4,Mercado Pago,Pendiente
1458,2024-08-19,73,8,2,2,Tarjeta de Crédito,Completa
1663,2024-08-19,191,2,1,3,Tarjeta de Débito,Completa
1880,2024-08-19,269,29,3,3,Tarjeta de Débito,Completa
2108,2024-08-19,246,20,2,5,Transferencia,Completa
2216,2024-08-19,42,32,4,1,Efectivo,Completa
2454,2024-08-19,218,17,2,3,Tarjeta de Débito,Pendiente
1443,2024-08-20,168,1,6,4,Mercado Pago,Completa
1859,2024-08-20,57,11,6,4,Mercado Pago,Pendiente
2044,2024-08-20,246,8,5,1,Efectivo,Completa
2165,2024-08-20,106,30,6,1,Efectivo,Completa
2415,2024-08-20,108,12,5,4,Mercado Pago,Completa
2701,2024-08-20,169,19,1,4,Mercado Pago,Completa
358,2024-08-21,193,4,6,3,Tarjeta de Débito,Completa
583,2024-08-21,7,27,3,4,Mercado Pago,Pendiente
716,2024-08-21,289,29,3,1,Efectivo,Completa
994,2024-08-21,102,24,3,3,Tarjeta de Débito,Completa
1862,2024-08-21,26,31,2,4,Mercado Pago,Completa
2381,2024-08-21,79,5,3,4,Mercado Pago,Completa
2625,2024-08-21,188,35,5,4,Mercado Pago,Completa
2681,2024-08-21,62,37,2,4,Mercado Pago,Completa
2722,2024-08-21,145,33,1,2,Tarjeta de Crédito,Completa
2934,2024-08-21,36,31,3,3,Tarjeta de Débito,Pendiente
247,2024-08-22,63,32,6,4,Mercado Pago,Completa
346,2024-08-22,92,34,4,4,Mercado Pago,Completa
479,2024-08-22,23,28,4,4,Mercado Pago,Completa
498,2024-08-22,299,20,6,3,Tarjeta de Débito,Completa
565,2024-08-22,244,19,1,5,Transferencia,Completa
725,2024-08-22,234,21,2,3,Tarjeta de Débito,Completa
1213,2024-08-22,95,26,4,3,Tarjeta de Débito,Completa
2299,2024-08-22,236,34,6,5,Transferencia,Completa
2515,2024-08-22,79,8,1,5,Transferencia,Completa
2980,2024-08-22,301,14,3,1,Efectivo,Completa
136,2024-08-23,258,26,3,4,Mercado Pago,Completa
1591,2024-08-23,311,20,3,4,Mercado Pago,Pendiente
1640,2024-08-23,128,34,3,5,Transferencia,Completa
1793,2024-08-23,275,6,6,4,Mercado Pago,Completa
2531,2024-08-23,274,35,2,3,Tarjeta de Débito,Completa
2839,2024-08-23,54,37,6,3,Tarjeta de Débito,Completa
2870,2024-08-23,149,18,3,2,Tarjeta de Crédito,Completa
255,2024-08-24,237,22,4,2,Tarjeta de Crédito,Completa
732,2024-08-24,155,13,6,1,Efectivo,Completa
926,2024-08-24,55,25,2,5,Transferencia,Completa
1061,2024-08-24,320,14,4,4,Mercado Pago,Completa
1981,2024-08-24,70,35,5,1,Efectivo,Completa
23,2024-08-25,4,34,6,1,Efectivo,Completa
142,2024-08-25,246,21,2,2,Tarjeta de Crédito,Completa
520,2024-08-25,208,33,4,4,Mercado Pago,Completa
639,2024-08-25,279,29,3,1,Efectivo,Completa
917,2024-08-25,275,13,6,1,Efectivo,Completa
1049,2024-08-25,263,25,4,4,Mercado Pago,Completa
1245,2024-08-25,316,29,3,3,Tarjeta de Débito,Completa
1310,2024-08-25,179,23,6,2,Tarjeta de Crédito,Completa
1381,2024-08-25,161,20,3,2,Tarjeta de Crédito,Completa
2424,2024-08-25,61,14,3,3,Tarjeta de Débito,Completa
2677,2024-08-25,118,33,2,5,Transferencia,Completa
508,2024-08-26,14,32,3,4,Mercado Pago,Completa
640,2024-08-26,316,28,1,3,Tarjeta de Débito,Completa
719,2024-08-26,148,17,6,5,Transferencia,Completa
1257,2024-08-26,15,6,4,5,Transferencia,Completa
1419,2024-08-26,278,22,3,1,Efectivo,Completa
1486,2024-08-26,313,5,3,1,Efectivo,Completa
2166,2024-08-26,153,36,3,5,Transferencia,Completa
2664,2024-08-26,284,8,6,5,Transferencia,Completa
2697,2024-08-26,218,24,5,4,Mercado Pago,Completa
206,2024-08-27,96,30,5,4,Mercado Pago,Completa
869,2024-08-27,111,20,2,1,Efectivo,Completa
888,2024-08-27,90,6,3,3,Tarjeta de Débito,Completa
903,2024-08-27,257,5,5,5,Transferencia,Completa
2915,2024-08-27,187,37,2,3,Tarjeta de Débito,Completa
1,2024-08-28,298,17,1,3,Tarjeta de Débito,Completa
1053,2024-08-28,23,2,3,1,Efectivo,Completa
2688,2024-08-28,74,15,2,5,Transferencia,Completa
601,2024-08-29,193,25,6,5,Transferencia,Completa
670,2024-08-29,80,7,3,2,Tarjeta de Crédito,Completa
729,2024-08-29,288,11,3,1,Efectivo,Completa
943,2024-08-29,56,5,6,3,Tarjeta de Débito,Completa
984,2024-08-29,121,6,5,4,Mercado Pago,Completa
1055,2024-08-29,229,34,5,1,Efectivo,Completa
1208,2024-08-29,306,14,4,3,Tarjeta de Débito,Completa
2053,2024-08-29,178,30,1,2,Tarjeta de Crédito,Completa
2429,2024-08-29,89,23,3,1,Efectivo,Completa
2693,2024-08-29,133,33,4,2,Tarjeta de Crédito,Pendiente
2862,2024-08-29,233,25,3,4,Mercado Pago,Pendiente
324,2024-08-30,206,3,3,4,Mercado Pago,Completa
1333,2024-08-30,132,28,2,2,Tarjeta de Crédito,Completa
1597,2024-08-30,281,33,2,5,Transferencia,Completa
1956,2024-08-30,1,36,3,3,Tarjeta de Débito,Completa
2295,2024-08-30,252,34,2,5,Transferencia,Completa
526,2024-08-31,321,32,4,4,Mercado Pago,Completa
665,2024-08-31,151,10,5,4,Mercado Pago,Completa
1326,2024-08-31,307,34,5,4,Mercado Pago,Completa
1908,2024-08-31,199,3,2,3,Tarjeta de Débito,Completa
2197,2024-08-31,151,36,1,1,Efectivo,Completa
2713,2024-08-31,176,34,3,3,Tarjeta de Débito,Completa
2923,2024-08-31,214,10,6,1,Efectivo,Completa
2965,2024-08-31,183,37,4,3,Tarjeta de Débito,Completa
46,2024-09-01,207,10,1,4,Mercado Pago,Completa
203,2024-09-01,322,31,6,3,Tarjeta de Débito,Completa
493,2024-09-01,273,8,3,5,Transferencia,Pendiente
632,2024-09-01,50,36,5,5,Transferencia,Completa
1300,2024-09-01,201,25,5,4,Mercado Pago,Completa
1763,2024-09-01,182,35,3,2,Tarjeta de Crédito,Completa
1964,2024-09-01,319,29,1,5,Transferencia,Completa
2141,2024-09-01,188,16,4,1,Efectivo,Completa
2226,2024-09-01,122,8,6,4,Mercado Pago,Completa
2745,2024-09-01,114,9,3,2,Tarjeta de Crédito,Completa
2823,2024-09-01,91,32,6,5,Transferencia,Pendiente
154,2024-09-02,164,16,2,5,Transferencia,Completa
348,2024-09-02,248,9,4,4,Mercado Pago,Completa
518,2024-09-02,314,16,3,2,Tarjeta de Crédito,Pendiente
587,2024-09-02,317,20,5,1,Efectivo,Completa
702,2024-09-02,308,25,2,1,Efectivo,Completa
810,2024-09-02,40,24,6,4,Mercado Pago,Completa
931,2024-09-02,179,29,4,1,Efectivo,Completa
1203,2024-09-02,257,38,5,5,Transferencia,Completa
1789,2024-09-02,115,30,5,1,Efectivo,Completa
2288,2024-09-02,252,16,4,4,Mercado Pago,Completa
624,2024-09-03,297,36,1,5,Transferencia,Completa
738,2024-09-03,59,36,4,5,Transferencia,Completa
998,2024-09-03,152,25,5,3,Tarjeta de Débito,Completa
1584,2024-09-03,194,31,2,2,Tarjeta de Crédito,Completa
2032,2024-09-03,100,38,4,4,Mercado Pago,Completa
2252,2024-09-03,206,31,3,4,Mercado Pago,Completa
52,2024-09-04,50,16,6,4,Mercado Pago,Completa
205,2024-09-04,303,2,3,5,Transferencia,Completa
385,2024-09-04,257,19,2,3,Tarjeta de Débito,Completa
535,2024-09-04,167,14,3,1,Efectivo,Completa
1039,2024-09-04,314,22,1,4,Mercado Pago,Completa
1042,2024-09-04,257,8,2,4,Mercado Pago,Completa
1429,2024-09-04,23,26,2,5,Transferencia,Pendiente
1430,2024-09-04,302,19,3,1,Efectivo,Completa
2538,2024-09-04,141,30,5,3,Tarjeta de Débito,Completa
147,2024-09-05,213,32,6,5,Transferencia,Completa
476,2024-09-05,209,38,5,2,Tarjeta de Crédito,Completa
1134,2024-09-05,138,30,2,4,Mercado Pago,Pendiente
1550,2024-09-05,125,6,4,1,Efectivo,Completa
2530,2024-09-05,218,4,1,4,Mercado Pago,Completa
5,2024-09-06,188,4,4,4,Mercado Pago,Completa
320,2024-09-06,93,38,3,3,Tarjeta de Débito,Completa
862,2024-09-06,284,17,5,4,Mercado Pago,Completa
1526,2024-09-06,229,19,5,3,Tarjeta de Débito,Completa
2025,2024-09-06,59,4,1,1,Efectivo,Completa
2607,2024-09-06,214,38,1,1,Efectivo,Completa
2612,2024-09-06,165,20,4,1,Efectivo,Completa
2714,2024-09-06,21,1,2,3,Tarjeta de Débito,Completa
252,2024-09-07,222,23,3,3,Tarjeta de Débito,Completa
299,2024-09-07,60,28,2,1,Efectivo,Pendiente
615,2024-09-07,205,17,4,1,Efectivo,Completa
811,2024-09-07,52,13,3,5,Transferencia,Completa
882,2024-09-07,288,32,5,2,Tarjeta de Crédito,Completa
927,2024-09-07,242,21,3,4,Mercado Pago,Completa
2075,2024-09-07,245,11,5,2,Tarjeta de Crédito,Pendiente
2455,2024-09-07,316,6,5,5,Transferencia,Pendiente
2459,2024-09-07,61,33,6,1,Efectivo,Completa
83,2024-09-08,187,2,6,4,Mercado Pago,Completa
442,2024-09-08,48,34,3,5,Transferencia,Completa
527,2024-09-08,13,10,6,3,Tarjeta de Débito,Completa
761,2024-09-08,16,34,6,5,Transferencia,Completa
1252,2024-09-08,50,36,3,5,Transferencia,Pendiente
1371,2024-09-08,72,15,6,3,Tarjeta de Débito,Completa
2200,2024-09-08,115,28,1,1,Efectivo,Completa
2592,2024-09-08,98,8,5,5,Transferencia,Completa
322,2024-09-09,97,9,6,5,Transferencia,Completa
402,2024-09-09,45,25,1,5,Transferencia,Completa
582,2024-09-09,266,21,3,5,Transferencia,Completa
1821,2024-09-09,143,16,1,4,Mercado Pago,Completa
726,2024-09-10,161,32,2,4,Mercado Pago,Completa
2359,2024-09-10,230,35,1,4,Mercado Pago,Pendiente
2744,2024-09-10,301,36,3,4,Mercado Pago,Completa
1649,2024-09-11,189,37,2,4,Mercado Pago,Completa
1854,2024-09-11,303,4,5,4,Mercado Pago,Completa
2220,2024-09-11,317,26,3,5,Transferencia,Completa
2489,2024-09-11,266,34,3,5,Transferencia,Completa
2649,2024-09-11,294,28,1,4,Mercado Pago,Pendiente
2809,2024-09-11,276,8,5,5,Transferencia,Pendiente
2878,2024-09-11,180,27,4,4,Mercado Pago,Completa
958,2024-09-12,80,11,3,3,Tarjeta de Débito,Completa
1466,2024-09-12,215,17,1,1,Efectivo,Completa
2106,2024-09-12,135,14,2,1,Efectivo,Completa
2192,2024-09-12,167,26,6,4,Mercado Pago,Completa
2708,2024-09-12,233,29,5,3,Tarjeta de Débito,Completa
1132,2024-09-13,88,22,1,4,Mercado Pago,Completa
1442,2024-09-13,4,17,4,2,Tarjeta de Crédito,Completa
2154,2024-09-13,212,25,6,4,Mercado Pago,Completa
1272,2024-09-14,187,12,2,2,Tarjeta de Crédito,Pendiente
1380,2024-09-14,126,22,2,1,Efectivo,Completa
1762,2024-09-14,71,29,2,4,Mercado Pago,Completa
1829,2024-09-14,207,23,2,4,Mercado Pago,Completa
2944,2024-09-14,22,21,3,5,Transferencia,Pendiente
2992,2024-09-14,311,30,2,4,Mercado Pago,Completa
522,2024-09-15,58,26,4,2,Tarjeta de Crédito,Completa
596,2024-09-15,169,1,5,5,Transferencia,Completa
634,2024-09-15,14,8,5,1,Efectivo,Completa
1183,2024-09-15,289,16,4,1,Efectivo,Completa
2798,2024-09-15,185,32,4,3,Tarjeta de Débito,Completa
26,2024-09-16,286,23,2,5,Transferencia,Completa
561,2024-09-16,9,38,6,4,Mercado Pago,Completa
1230,2024-09-16,197,2,6,5,Transferencia,Cancelada
1484,2024-09-16,171,3,6,3,Tarjeta de Débito,Completa
2286,2024-09-16,307,22,6,4,Mercado Pago,Completa
2667,2024-09-16,315,26,2,5,Transferencia,Pendiente
2941,2024-09-16,85,38,5,3,Tarjeta de Débito,Completa
499,2024-09-17,197,2,1,1,Efectivo,Completa
576,2024-09-17,30,27,5,1,Efectivo,Completa
934,2024-09-17,213,26,5,4,Mercado Pago,Completa
1306,2024-09-17,168,23,2,5,Transferencia,Completa
1346,2024-09-17,278,3,5,1,Efectivo,Completa
2013,2024-09-17,84,2,3,3,Tarjeta de Débito,Completa
2199,2024-09-17,325,13,4,3,Tarjeta de Débito,Completa
2208,2024-09-17,324,17,5,5,Transferencia,Completa
2223,2024-09-17,219,6,5,1,Efectivo,Completa
2651,2024-09-17,272,21,4,5,Transferencia,Completa
71,2024-09-18,79,3,1,5,Transferencia,Completa
165,2024-09-18,173,8,3,4,Mercado Pago,Completa
304,2024-09-18,309,5,6,5,Transferencia,Completa
946,2024-09-18,313,34,4,4,Mercado Pago,Completa
1082,2024-09-18,282,33,6,4,Mercado Pago,Completa
1382,2024-09-18,318,23,2,1,Efectivo,Pendiente
1582,2024-09-18,245,16,1,2,Tarjeta de Crédito,Completa
1614,2024-09-18,60,37,1,1,Efectivo,Completa
1801,2024-09-18,46,33,1,5,Transferencia,Pendiente
1810,2024-09-18,72,35,4,5,Transferencia,Completa
2095,2024-09-18,36,36,6,2,Tarjeta de Crédito,Completa
2793,2024-09-18,205,16,2,5,Transferencia,Pendiente
186,2024-09-19,204,12,1,2,Tarjeta de Crédito,Completa
373,2024-09-19,41,26,3,4,Mercado Pago,Completa
892,2024-09-19,214,37,2,5,Transferencia,Completa
1089,2024-09-19,73,8,4,4,Mercado Pago,Completa
1289,2024-09-19,50,28,4,4,Mercado Pago,Completa
1366,2024-09-19,185,35,1,4,Mercado Pago,Completa
1599,2024-09-19,144,5,3,3,Tarjeta de Débito,Completa
1963,2024-09-19,99,12,1,5,Transferencia,Completa
2988,2024-09-19,152,30,2,1,Efectivo,Completa
832,2024-09-20,100,21,6,3,Tarjeta de Débito,Completa
899,2024-09-20,32,27,6,2,Tarjeta de Crédito,Completa
1477,2024-09-20,170,7,4,2,Tarjeta de Crédito,Completa
1495,2024-09-20,142,18,2,3,Tarjeta de Débito,Completa
1929,2024-09-20,252,31,5,3,Tarjeta de Débito,Completa
2508,2024-09-20,225,31,2,5,Transferencia,Completa
2895,2024-09-20,41,13,1,5,Transferencia,Completa
552,2024-09-21,286,17,1,4,Mercado Pago,Completa
720,2024-09-21,180,10,3,3,Tarjeta de Débito,Completa
1197,2024-09-21,323,2,3,4,Mercado Pago,Completa
1259,2024-09-21,307,2,6,2,Tarjeta de Crédito,Completa
1265,2024-09-21,94,6,2,3,Tarjeta de Débito,Completa
1302,2024-09-21,241,34,3,1,Efectivo,Completa
1712,2024-09-21,92,11,6,1,Efectivo,Completa
1909,2024-09-21,272,17,6,5,Transferencia,Pendiente
2069,2024-09-21,243,37,5,4,Mercado Pago,Completa
2406,2024-09-21,152,6,1,4,Mercado Pago,Completa
2647,2024-09-21,83,23,6,5,Transferencia,Completa
2673,2024-09-21,44,33,2,2,Tarjeta de Crédito,Completa
2738,2024-09-21,70,37,3,3,Tarjeta de Débito,Completa
2972,2024-09-21,74,32,3,1,Efectivo,Completa
292,2024-09-22,221,26,6,4,Mercado Pago,Completa
654,2024-09-22,174,30,6,1,Efectivo,Completa
855,2024-09-22,35,8,2,3,Tarjeta de Débito,Completa
1144,2024-09-22,106,21,1,4,Mercado Pago,Completa
1172,2024-09-22,164,13,1,5,Transferencia,Completa
1373,2024-09-22,192,11,1,5,Transferencia,Completa
2365,2024-09-22,95,37,3,4,Mercado Pago,Completa
2457,2024-09-22,234,3,3,4,Mercado Pago,Completa
2774,2024-09-22,31,6,2,5,Transferencia,Pendiente
2783,2024-09-22,61,10,5,1,Efectivo,Completa
2968,2024-09-22,245,29,2,1,Efectivo,Completa
156,2024-09-23,145,4,6,3,Tarjeta de Débito,Completa
463,2024-09-23,280,32,4,2,Tarjeta de Crédito,Completa
470,2024-09-23,62,12,4,3,Tarjeta de Débito,Pendiente
534,2024-09-23,56,1,5,1,Efectivo,Completa
568,2024-09-23,230,31,3,1,Efectivo,Completa
1180,2024-09-23,256,10,1,5,Transferencia,Pendiente
1340,2024-09-23,8,3,3,5,Transferencia,Completa
2620,2024-09-23,29,22,2,5,Transferencia,Completa
25,2024-09-24,275,34,3,3,Tarjeta de Débito,Completa
368,2024-09-24,276,32,2,3,Tarjeta de Débito,Pendiente
462,2024-09-24,100,32,5,4,Mercado Pago,Completa
637,2024-09-24,176,33,6,5,Transferencia,Completa
1402,2024-09-24,31,35,1,4,Mercado Pago,Completa
2377,2024-09-24,224,26,5,4,Mercado Pago,Completa
2735,2024-09-24,3,36,2,4,Mercado Pago,Pendiente
273,2024-09-25,130,4,4,5,Transferencia,Completa
478,2024-09-25,108,31,1,4,Mercado Pago,Completa
635,2024-09-25,261,5,2,1,Efectivo,Completa
805,2024-09-25,270,26,2,3,Tarjeta de Débito,Completa
878,2024-09-25,153,26,2,1,Efectivo,Completa
1072,2024-09-25,155,28,2,4,Mercado Pago,Completa
1204,2024-09-25,280,33,1,4,Mercado Pago,Completa
1555,2024-09-25,9,25,2,2,Tarjeta de Crédito,Completa
1949,2024-09-25,223,1,3,1,Efectivo,Completa
1992,2024-09-25,266,29,6,4,Mercado Pago,Completa
2513,2024-09-25,290,18,1,1,Efectivo,Completa
2576,2024-09-25,214,15,2,3,Tarjeta de Débito,Pendiente
2650,2024-09-25,48,26,2,2,Tarjeta de Crédito,Pendiente
2682,2024-09-25,8,17,5,4,Mercado Pago,Completa
2833,2024-09-25,202,36,5,1,Efectivo,Completa
4,2024-09-26,111,37,5,4,Mercado Pago,Completa
224,2024-09-26,294,10,5,4,Mercado Pago,Completa
296,2024-09-26,279,10,6,5,Transferencia,Pendiente
604,2024-09-26,321,6,3,4,Mercado Pago,Completa
1092,2024-09-26,232,9,1,1,Efectivo,Completa
1567,2024-09-26,147,15,4,4,Mercado Pago,Completa
2707,2024-09-26,244,23,1,5,Transferencia,Completa
2711,2024-09-26,309,5,4,1,Efectivo,Completa
2819,2024-09-26,6,25,1,2,Tarjeta de Crédito,Completa
56,2024-09-27,91,20,6,3,Tarjeta de Débito,Completa
112,2024-09-27,3,31,1,3,Tarjeta de Débito,Completa
150,2024-09-27,133,6,3,4,Mercado Pago,Completa
451,2024-09-27,290,7,3,4,Mercado Pago,Completa
647,2024-09-27,286,19,5,1,Efectivo,Completa
697,2024-09-27,21,19,6,2,Tarjeta de Crédito,Completa
736,2024-09-27,325,5,6,5,Transferencia,Completa
1523,2024-09-27,79,30,3,4,Mercado Pago,Completa
1670,2024-09-27,95,4,5,3,Tarjeta de Débito,Completa
1925,2024-09-27,101,10,4,1,Efectivo,Completa
1946,2024-09-27,277,2,5,3,Tarjeta de Débito,Completa
2553,2024-09-27,120,3,5,4,Mercado Pago,Completa
2903,2024-09-27,306,6,2,2,Tarjeta de Crédito,Completa
233,2024-09-28,315,10,5,5,Transferencia,Completa
254,2024-09-28,324,29,1,2,Tarjeta de Crédito,Completa
317,2024-09-28,258,7,6,3,Tarjeta de Débito,Completa
417,2024-09-28,40,8,6,4,Mercado Pago,Pendiente
860,2024-09-28,106,2,6,4,Mercado Pago,Completa
1179,2024-09-28,98,10,5,4,Mercado Pago,Completa
1503,2024-09-28,121,12,6,3,Tarjeta de Débito,Completa
2026,2024-09-28,48,17,3,4,Mercado Pago,Pendiente
2174,2024-09-28,325,17,1,3,Tarjeta de Débito,Completa
2185,2024-09-28,250,10,2,1,Efectivo,Pendiente
2211,2024-09-28,60,24,1,1,Efectivo,Completa
2302,2024-09-28,41,21,4,4,Mercado Pago,Pendiente
59,2024-09-29,242,16,6,5,Transferencia,Completa
91,2024-09-29,192,6,6,3,Tarjeta de Débito,Completa
100,2024-09-29,134,26,6,1,Efectivo,Completa
105,2024-09-29,24,24,1,4,Mercado Pago,Completa
179,2024-09-29,37,6,4,1,Efectivo,Pendiente
566,2024-09-29,109,16,1,5,Transferencia,Completa
745,2024-09-29,230,9,5,5,Transferencia,Completa
1199,2024-09-29,38,38,3,4,Mercado Pago,Completa
1288,2024-09-29,53,32,3,2,Tarjeta de Crédito,Completa
1311,2024-09-29,309,27,4,2,Tarjeta de Crédito,Completa
2065,2024-09-29,202,16,3,5,Transferencia,Completa
2102,2024-09-29,268,18,4,1,Efectivo,Completa
2470,2024-09-29,85,24,2,4,Mercado Pago,Completa
2765,2024-09-29,183,21,5,4,Mercado Pago,Completa
2772,2024-09-29,56,33,3,5,Transferencia,Pendiente
2970,2024-09-29,135,3,4,4,Mercado Pago,Completa
171,2024-09-30,50,27,3,5,Transferencia,Completa
400,2024-09-30,167,35,2,1,Efectivo,Completa
618,2024-09-30,31,37,3,5,Transferencia,Completa
755,2024-09-30,109,5,6,5,Transferencia,Completa
904,2024-09-30,76,16,3,3,Tarjeta de Débito,Completa
1120,2024-09-30,283,13,6,5,Transferencia,Completa
1334,2024-09-30,158,33,1,5,Transferencia,Completa
1539,2024-09-30,152,8,1,4,Mercado Pago,Completa
1608,2024-09-30,78,11,1,5,Transferencia,Completa
2089,2024-09-30,221,14,2,5,Transferencia,Pendiente
2103,2024-09-30,78,5,4,3,Tarjeta de Débito,Completa
2392,2024-09-30,58,6,5,4,Mercado Pago,Completa
2482,2024-09-30,82,4,2,5,Transferencia,Pendiente
2613,2024-09-30,251,26,3,1,Efectivo,Pendiente
2864,2024-09-30,28,36,4,3,Tarjeta de Débito,Pendiente
2876,2024-09-30,162,13,3,1,Efectivo,Completa
714,2024-10-01,237,16,2,5,Transferencia,Completa
753,2024-10-01,99,11,3,2,Tarjeta de Crédito,Completa
2617,2024-10-01,63,35,2,5,Transferencia,Completa
2638,2024-10-01,91,24,4,4,Mercado Pago,Completa
2757,2024-10-01,35,27,5,4,Mercado Pago,Completa
517,2024-10-02,307,38,5,2,Tarjeta de Crédito,Completa
901,2024-10-02,325,37,4,4,Mercado Pago,Completa
1006,2024-10-02,281,23,6,5,Transferencia,Completa
1116,2024-10-02,266,10,4,1,Efectivo,Completa
1295,2024-10-02,208,17,1,4,Mercado Pago,Pendiente
2119,2024-10-02,296,8,1,4,Mercado Pago,Completa
2510,2024-10-02,294,31,4,4,Mercado Pago,Completa
261,2024-10-03,74,6,5,5,Transferencia,Completa
274,2024-10-03,105,23,5,4,Mercado Pago,Completa
289,2024-10-03,225,31,2,5,Transferencia,Completa
525,2024-10-03,311,34,4,4,Mercado Pago,Completa
828,2024-10-03,29,26,6,3,Tarjeta de Débito,Completa
1223,2024-10-03,104,15,6,3,Tarjeta de Débito,Completa
1570,2024-10-03,78,37,6,3,Tarjeta de Débito,Completa
1619,2024-10-03,236,13,1,2,Tarjeta de Crédito,Completa
1997,2024-10-03,246,2,1,3,Tarjeta de Débito,Completa
2029,2024-10-03,129,6,6,5,Transferencia,Completa
2041,2024-10-03,219,28,5,5,Transferencia,Completa
2246,2024-10-03,59,22,3,2,Tarjeta de Crédito,Completa
2461,2024-10-03,185,20,5,5,Transferencia,Completa
2548,2024-10-03,206,27,6,2,Tarjeta de Crédito,Completa
2558,2024-10-03,177,25,6,4,Mercado Pago,Completa
2616,2024-10-03,272,9,3,1,Efectivo,Pendiente
2724,2024-10-03,302,3,1,1,Efectivo,Completa
240,2024-10-04,312,29,4,3,Tarjeta de Débito,Completa
649,2024-10-04,128,14,4,3,Tarjeta de Débito,Completa
664,2024-10-04,264,33,3,5,Transferencia,Completa
1435,2024-10-04,52,31,5,4,Mercado Pago,Cancelada
2037,2024-10-04,296,32,3,4,Mercado Pago,Completa
2071,2024-10-04,122,31,1,2,Tarjeta de Crédito,Pendiente
2202,2024-10-04,276,6,5,5,Transferencia,Completa
2521,2024-10-04,20,35,4,3,Tarjeta de Débito,Completa
159,2024-10-05,217,26,2,1,Efectivo,Completa
543,2024-10-05,162,8,1,5,Transferencia,Completa
722,2024-10-05,136,31,5,4,Mercado Pago,Completa
772,2024-10-05,141,2,6,3,Tarjeta de Débito,Completa
794,2024-10-05,302,28,4,3,Tarjeta de Débito,Completa
1138,2024-10-05,123,22,2,2,Tarjeta de Crédito,Completa
1227,2024-10-05,290,27,3,1,Efectivo,Completa
1635,2024-10-05,94,20,5,1,Efectivo,Completa
2090,2024-10-05,299,19,5,1,Efectivo,Completa
2404,2024-10-05,97,1,4,5,Transferencia,Completa
2690,2024-10-05,263,18,4,5,Transferencia,Completa
68,2024-10-06,127,20,2,5,Transferencia,Completa
164,2024-10-06,233,18,2,4,Mercado Pago,Completa
894,2024-10-06,178,6,1,5,Transferencia,Completa
964,2024-10-06,220,18,4,4,Mercado Pago,Completa
1015,2024-10-06,83,4,1,5,Transferencia,Completa
1528,2024-10-06,90,29,2,3,Tarjeta de Débito,Pendiente
1560,2024-10-06,240,9,5,3,Tarjeta de Débito,Pendiente
1971,2024-10-06,176,30,1,3,Tarjeta de Débito,Completa
2491,2024-10-06,91,5,3,4,Mercado Pago,Pendiente
2948,2024-10-06,278,32,6,4,Mercado Pago,Completa
137,2024-10-07,264,15,1,5,Transferencia,Pendiente
1330,2024-10-07,285,7,6,4,Mercado Pago,Pendiente
1360,2024-10-07,177,37,4,3,Tarjeta de Débito,Completa
1571,2024-10-07,14,18,6,4,Mercado Pago,Completa
1603,2024-10-07,50,22,3,4,Mercado Pago,Completa
2122,2024-10-07,120,2,5,5,Transferencia,Completa
2275,2024-10-07,227,36,1,1,Efectivo,Completa
2569,2024-10-07,177,32,4,4,Mercado Pago,Completa
2853,2024-10-07,259,25,4,2,Tarjeta de Crédito,Completa
553,2024-10-08,255,21,5,4,Mercado Pago,Completa
2910,2024-10-08,77,34,4,1,Efectivo,Completa
712,2024-10-09,247,15,4,1,Efectivo,Completa
769,2024-10-09,289,17,5,3,Tarjeta de Débito,Completa
1012,2024-10-09,127,1,2,4,Mercado Pago,Completa
1280,2024-10-09,239,10,1,5,Transferencia,Completa
1512,2024-10-09,91,11,2,5,Transferencia,Completa
1684,2024-10-09,174,8,3,5,Transferencia,Completa
2662,2024-10-09,15,14,6,4,Mercado Pago,Completa
2919,2024-10-09,238,32,4,5,Transferencia,Completa
363,2024-10-10,219,23,2,2,Tarjeta de Crédito,Completa
430,2024-10-10,26,25,2,5,Transferencia,Completa
541,2024-10-10,106,21,4,1,Efectivo,Completa
602,2024-10-10,53,35,1,4,Mercado Pago,Completa
740,2024-10-10,62,17,3,3,Tarjeta de Débito,Completa
1246,2024-10-10,54,38,6,2,Tarjeta de Crédito,Completa
1414,2024-10-10,248,24,4,5,Transferencia,Pendiente
2523,2024-10-10,63,17,6,5,Transferencia,Completa
2684,2024-10-10,282,35,5,2,Tarjeta de Crédito,Completa
2776,2024-10-10,10,33,3,3,Tarjeta de Débito,Pendiente
36,2024-10-11,77,27,2,1,Efectivo,Completa
84,2024-10-11,110,13,1,4,Mercado Pago,Completa
285,2024-10-11,239,15,2,1,Efectivo,Completa
993,2024-10-11,313,10,5,4,Mercado Pago,Completa
1152,2024-10-11,111,6,3,4,Mercado Pago,Completa
1701,2024-10-11,200,3,2,5,Transferencia,Pendiente
1726,2024-10-11,241,28,3,4,Mercado Pago,Completa
2104,2024-10-11,320,15,5,4,Mercado Pago,Pendiente
2710,2024-10-11,5,8,2,5,Transferencia,Completa
2953,2024-10-11,1,22,5,4,Mercado Pago,Completa
310,2024-10-12,152,25,3,5,Transferencia,Completa
359,2024-10-12,56,18,1,5,Transferencia,Completa
394,2024-10-12,293,24,6,5,Transferencia,Completa
1748,2024-10-12,218,32,4,3,Tarjeta de Débito,Completa
2099,2024-10-12,147,34,1,5,Transferencia,Completa
2360,2024-10-12,250,21,1,4,Mercado Pago,Completa
2387,2024-10-12,22,32,2,4,Mercado Pago,Completa
2922,2024-10-12,230,22,4,1,Efectivo,Completa
301,2024-10-13,326,21,4,4,Mercado Pago,Completa
859,2024-10-13,78,8,4,3,Tarjeta de Débito,Completa
1836,2024-10-13,141,18,5,1,Efectivo,Completa
2113,2024-10-13,119,37,6,5,Transferencia,Completa
2370,2024-10-13,19,28,5,2,Tarjeta de Crédito,Completa
2952,2024-10-13,23,32,6,1,Efectivo,Completa
564,2024-10-14,11,35,5,1,Efectivo,Completa
856,2024-10-14,27,19,2,5,Transferencia,Completa
872,2024-10-14,29,16,6,1,Efectivo,Completa
921,2024-10-14,46,21,2,5,Transferencia,Completa
1021,2024-10-14,24,20,6,2,Tarjeta de Crédito,Completa
1376,2024-10-14,61,16,1,2,Tarjeta de Crédito,Completa
1585,2024-10-14,297,9,2,4,Mercado Pago,Completa
1768,2024-10-14,260,21,5,4,Mercado Pago,Completa
2374,2024-10-14,8,2,5,5,Transferencia,Completa
2829,2024-10-14,188,2,1,5,Transferencia,Pendiente
569,2024-10-15,184,25,4,1,Efectivo,Completa
653,2024-10-15,29,3,1,3,Tarjeta de Débito,Completa
918,2024-10-15,61,11,2,1,Efectivo,Completa
945,2024-10-15,241,30,5,3,Tarjeta de Débito,Completa
1024,2024-10-15,168,37,1,3,Tarjeta de Débito,Completa
1374,2024-10-15,21,38,4,3,Tarjeta de Débito,Completa
1469,2024-10-15,104,25,2,3,Tarjeta de Débito,Completa
1538,2024-10-15,104,29,6,5,Transferencia,Completa
2352,2024-10-15,193,31,6,1,Efectivo,Pendiente
2818,2024-10-15,310,30,2,4,Mercado Pago,Completa
2847,2024-10-15,180,15,2,5,Transferencia,Completa
307,2024-10-16,50,27,1,2,Tarjeta de Crédito,Completa
605,2024-10-16,299,5,4,1,Efectivo,Completa
645,2024-10-16,188,3,1,5,Transferencia,Completa
912,2024-10-16,306,19,6,2,Tarjeta de Crédito,Completa
1018,2024-10-16,291,14,3,4,Mercado Pago,Completa
1020,2024-10-16,61,32,6,5,Transferencia,Completa
1222,2024-10-16,82,27,3,4,Mercado Pago,Pendiente
1277,2024-10-16,163,2,2,4,Mercado Pago,Completa
1322,2024-10-16,60,21,2,4,Mercado Pago,Pendiente
1392,2024-10-16,49,28,4,3,Tarjeta de Débito,Completa
1446,2024-10-16,9,20,3,4,Mercado Pago,Pendiente
2816,2024-10-16,287,34,6,3,Tarjeta de Débito,Completa
38,2024-10-17,271,20,6,3,Tarjeta de Débito,Completa
326,2024-10-17,132,32,3,2,Tarjeta de Crédito,Pendiente
415,2024-10-17,148,21,1,4,Mercado Pago,Completa
435,2024-10-17,70,31,3,5,Transferencia,Completa
1209,2024-10-17,19,28,3,4,Mercado Pago,Completa
1453,2024-10-17,275,25,4,5,Transferencia,Completa
1596,2024-10-17,85,26,2,5,Transferencia,Completa
1969,2024-10-17,233,29,1,1,Efectivo,Completa
2120,2024-10-17,316,13,5,3,Tarjeta de Débito,Completa
2171,2024-10-17,106,30,2,3,Tarjeta de Débito,Completa
2231,2024-10-17,6,19,3,3,Tarjeta de Débito,Completa
2679,2024-10-17,63,3,1,1,Efectivo,Completa
630,2024-10-18,290,18,5,2,Tarjeta de Crédito,Completa
678,2024-10-18,47,27,1,4,Mercado Pago,Completa
955,2024-10-18,196,6,3,4,Mercado Pago,Completa
966,2024-10-18,120,22,1,4,Mercado Pago,Pendiente
2131,2024-10-18,315,5,5,5,Transferencia,Completa
2386,2024-10-18,102,15,5,5,Transferencia,Completa
2739,2024-10-18,6,1,4,5,Transferencia,Completa
439,2024-10-19,207,36,2,2,Tarjeta de Crédito,Completa
530,2024-10-19,31,31,6,3,Tarjeta de Débito,Completa
978,2024-10-19,116,19,3,5,Transferencia,Completa
1062,2024-10-19,141,34,3,5,Transferencia,Pendiente
1579,2024-10-19,20,22,1,3,Tarjeta de Débito,Completa
1719,2024-10-19,1,11,3,5,Transferencia,Completa
2115,2024-10-19,250,29,4,5,Transferencia,Pendiente
2312,2024-10-19,22,20,5,5,Transferencia,Completa
2371,2024-10-19,264,6,3,3,Tarjeta de Débito,Completa
2422,2024-10-19,219,4,1,1,Efectivo,Completa
2542,2024-10-19,189,25,4,4,Mercado Pago,Pendiente
675,2024-10-20,168,26,4,5,Transferencia,Completa
752,2024-10-20,48,24,3,4,Mercado Pago,Completa
823,2024-10-20,225,14,6,4,Mercado Pago,Completa
841,2024-10-20,280,11,2,5,Transferencia,Pendiente
910,2024-10-20,208,24,5,5,Transferencia,Completa
1356,2024-10-20,228,4,6,2,Tarjeta de Crédito,Completa
1391,2024-10-20,6,22,2,1,Efectivo,Completa
1716,2024-10-20,15,34,5,1,Efectivo,Completa
1718,2024-10-20,224,3,3,1,Efectivo,Completa
1911,2024-10-20,64,10,5,4,Mercado Pago,Pendiente
2337,2024-10-20,242,7,4,3,Tarjeta de Débito,Pendiente
2588,2024-10-20,116,27,4,3,Tarjeta de Débito,Completa
2594,2024-10-20,75,3,1,1,Efectivo,Completa
2781,2024-10-20,224,25,5,5,Transferencia,Completa
132,2024-10-21,95,27,1,4,Mercado Pago,Pendiente
1275,2024-10-21,18,15,5,4,Mercado Pago,Completa
1454,2024-10-21,272,10,6,1,Efectivo,Completa
1559,2024-10-21,226,1,1,3,Tarjeta de Débito,Completa
1683,2024-10-21,181,12,4,3,Tarjeta de Débito,Completa
760,2024-10-22,4,28,5,4,Mercado Pago,Completa
767,2024-10-22,9,32,2,4,Mercado Pago,Pendiente
886,2024-10-22,74,2,4,3,Tarjeta de Débito,Pendiente
1740,2024-10-22,210,7,6,1,Efectivo,Completa
2279,2024-10-22,219,28,3,3,Tarjeta de Débito,Completa
2317,2024-10-22,174,13,6,1,Efectivo,Completa
2546,2024-10-22,274,23,4,1,Efectivo,Completa
173,2024-10-23,168,36,1,5,Transferencia,Completa
840,2024-10-23,116,27,1,5,Transferencia,Completa
1191,2024-10-23,285,10,5,1,Efectivo,Completa
1336,2024-10-23,122,34,6,3,Tarjeta de Débito,Completa
1742,2024-10-23,175,7,2,3,Tarjeta de Débito,Completa
1936,2024-10-23,89,29,5,1,Efectivo,Pendiente
2589,2024-10-23,274,22,5,4,Mercado Pago,Completa
2670,2024-10-23,311,24,6,3,Tarjeta de Débito,Completa
629,2024-10-24,157,14,1,1,Efectivo,Pendiente
1491,2024-10-24,132,35,2,2,Tarjeta de Crédito,Completa
2072,2024-10-24,11,29,4,4,Mercado Pago,Completa
2177,2024-10-24,37,18,6,4,Mercado Pago,Completa
2504,2024-10-24,161,22,3,1,Efectivo,Completa
235,2024-10-25,177,3,2,4,Mercado Pago,Pendiente
242,2024-10-25,152,1,3,1,Efectivo,Completa
613,2024-10-25,325,27,3,4,Mercado Pago,Completa
1087,2024-10-25,170,25,2,2,Tarjeta de Crédito,Completa
1485,2024-10-25,162,38,1,5,Transferencia,Completa
2587,2024-10-25,221,37,1,5,Transferencia,Completa
228,2024-10-26,209,11,4,5,Transferencia,Completa
423,2024-10-26,34,27,6,5,Transferencia,Completa
1303,2024-10-26,203,33,1,5,Transferencia,Completa
1327,2024-10-26,205,23,3,2,Tarjeta de Crédito,Pendiente
1728,2024-10-26,46,19,5,4,Mercado Pago,Completa
2514,2024-10-26,255,21,5,1,Efectivo,Completa
2723,2024-10-26,321,1,2,5,Transferencia,Completa
33,2024-10-27,65,23,2,5,Transferencia,Completa
314,2024-10-27,122,8,3,4,Mercado Pago,Completa
458,2024-10-27,102,10,4,5,Transferencia,Completa
1283,2024-10-27,318,32,1,4,Mercado Pago,Completa
1293,2024-10-27,247,4,2,4,Mercado Pago,Completa
1308,2024-10-27,185,22,4,1,Efectivo,Completa
1315,2024-10-27,222,3,1,1,Efectivo,Completa
1405,2024-10-27,187,29,2,2,Tarjeta de Crédito,Completa
1536,2024-10-27,203,35,6,1,Efectivo,Completa
2273,2024-10-27,304,10,4,4,Mercado Pago,Completa
2733,2024-10-27,27,30,6,1,Efectivo,Completa
1119,2024-10-28,142,15,6,2,Tarjeta de Crédito,Completa
1533,2024-10-28,118,15,4,4,Mercado Pago,Completa
1696,2024-10-28,316,31,6,5,Transferencia,Pendiente
1750,2024-10-28,310,16,1,5,Transferencia,Completa
1833,2024-10-28,14,18,6,5,Transferencia,Completa
2488,2024-10-28,55,10,5,5,Transferencia,Completa
2494,2024-10-28,211,33,5,1,Efectivo,Completa
2501,2024-10-28,272,17,4,4,Mercado Pago,Completa
2549,2024-10-28,239,8,1,4,Mercado Pago,Completa
2575,2024-10-28,13,23,4,4,Mercado Pago,Pendiente
2598,2024-10-28,155,18,6,5,Transferencia,Pendiente
2866,2024-10-28,6,2,3,5,Transferencia,Completa
2897,2024-10-28,36,3,3,4,Mercado Pago,Completa
32,2024-10-29,155,37,6,4,Mercado Pago,Completa
331,2024-10-29,157,35,2,3,Tarjeta de Débito,Completa
668,2024-10-29,160,9,3,5,Transferencia,Completa
758,2024-10-29,168,11,2,1,Efectivo,Completa
759,2024-10-29,4,7,6,4,Mercado Pago,Completa
1367,2024-10-29,248,9,5,5,Transferencia,Completa
1668,2024-10-29,55,26,6,4,Mercado Pago,Completa
1882,2024-10-29,7,32,3,4,Mercado Pago,Completa
2078,2024-10-29,60,23,5,5,Transferencia,Completa
2080,2024-10-29,62,18,4,5,Transferencia,Pendiente
2242,2024-10-29,134,12,3,4,Mercado Pago,Pendiente
2812,2024-10-29,89,38,4,5,Transferencia,Completa
125,2024-10-30,190,3,6,5,Transferencia,Pendiente
1027,2024-10-30,140,18,4,1,Efectivo,Completa
1193,2024-10-30,217,5,6,4,Mercado Pago,Completa
1483,2024-10-30,303,23,5,1,Efectivo,Completa
1785,2024-10-30,207,1,1,4,Mercado Pago,Completa
1930,2024-10-30,302,1,1,1,Efectivo,Completa
2383,2024-10-30,237,14,3,4,Mercado Pago,Completa
2858,2024-10-30,154,15,1,5,Transferencia,Completa
109,2024-10-31,285,34,6,2,Tarjeta de Crédito,Completa
234,2024-10-31,255,37,5,5,Transferencia,Completa
965,2024-10-31,177,19,4,3,Tarjeta de Débito,Completa
1192,2024-10-31,277,8,4,5,Transferencia,Pendiente
1361,2024-10-31,192,28,1,3,Tarjeta de Débito,Completa
1436,2024-10-31,165,14,2,4,Mercado Pago,Completa
1610,2024-10-31,198,31,1,1,Efectivo,Completa
1644,2024-10-31,111,32,6,5,Transferencia,Completa
1972,2024-10-31,305,22,5,2,Tarjeta de Crédito,Completa
2843,2024-10-31,3,32,6,5,Transferencia,Completa
99,2024-11-01,11,17,1,2,Tarjeta de Crédito,Completa
674,2024-11-01,157,31,2,3,Tarjeta de Débito,Completa
963,2024-11-01,107,17,4,4,Mercado Pago,Completa
1048,2024-11-01,185,5,1,2,Tarjeta de Crédito,Completa
1510,2024-11-01,34,1,3,2,Tarjeta de Crédito,Completa
1978,2024-11-01,210,21,3,4,Mercado Pago,Completa
2143,2024-11-01,54,38,6,4,Mercado Pago,Completa
2247,2024-11-01,15,12,5,4,Mercado Pago,Completa
2877,2024-11-01,152,23,4,5,Transferencia,Pendiente
93,2024-11-02,101,26,4,2,Tarjeta de Crédito,Pendiente
283,2024-11-02,292,21,5,1,Efectivo,Pendiente
830,2024-11-02,55,20,1,5,Transferencia,Completa
1304,2024-11-02,19,21,6,5,Transferencia,Completa
1445,2024-11-02,104,12,2,5,Transferencia,Pendiente
1869,2024-11-02,205,16,4,5,Transferencia,Completa
2987,2024-11-02,2,12,3,5,Transferencia,Completa
775,2024-11-03,71,17,6,2,Tarjeta de Crédito,Completa
834,2024-11-03,111,25,4,1,Efectivo,Completa
890,2024-11-03,296,7,5,4,Mercado Pago,Completa
1029,2024-11-03,9,29,1,5,Transferencia,Pendiente
1161,2024-11-03,277,26,6,4,Mercado Pago,Completa
1396,2024-11-03,209,9,1,5,Transferencia,Completa
1489,2024-11-03,22,8,4,5,Transferencia,Completa
1711,2024-11-03,183,19,4,4,Mercado Pago,Completa
2011,2024-11-03,322,8,6,3,Tarjeta de Débito,Pendiente
2063,2024-11-03,8,32,1,1,Efectivo,Completa
2753,2024-11-03,319,5,3,4,Mercado Pago,Completa
20,2024-11-04,122,7,6,2,Tarjeta de Crédito,Completa
76,2024-11-04,147,36,5,3,Tarjeta de Débito,Completa
158,2024-11-04,319,26,2,5,Transferencia,Pendiente
544,2024-11-04,252,26,3,4,Mercado Pago,Completa
982,2024-11-04,245,19,3,4,Mercado Pago,Completa
1490,2024-11-04,255,7,3,3,Tarjeta de Débito,Completa
1573,2024-11-04,298,24,4,4,Mercado Pago,Completa
1832,2024-11-04,173,22,1,3,Tarjeta de Débito,Completa
2121,2024-11-04,261,30,5,4,Mercado Pago,Completa
791,2024-11-05,210,32,2,4,Mercado Pago,Completa
1073,2024-11-05,173,35,5,5,Transferencia,Pendiente
1364,2024-11-05,65,33,3,1,Efectivo,Completa
1939,2024-11-05,141,27,5,5,Transferencia,Completa
2030,2024-11-05,70,1,6,5,Transferencia,Pendiente
2445,2024-11-05,56,14,3,4,Mercado Pago,Completa
2603,2024-11-05,156,37,1,1,Efectivo,Pendiente
2644,2024-11-05,69,21,2,4,Mercado Pago,Completa
2646,2024-11-05,228,10,4,5,Transferencia,Completa
2859,2024-11-05,280,16,3,5,Transferencia,Completa
2904,2024-11-05,165,34,6,4,Mercado Pago,Completa
155,2024-11-06,125,2,5,3,Tarjeta de Débito,Pendiente
480,2024-11-06,161,12,2,2,Tarjeta de Crédito,Completa
980,2024-11-06,119,6,4,4,Mercado Pago,Completa
1298,2024-11-06,216,18,1,5,Transferencia,Completa
1342,2024-11-06,119,23,6,1,Efectivo,Completa
1645,2024-11-06,13,12,2,5,Transferencia,Completa
1818,2024-11-06,279,22,3,4,Mercado Pago,Completa
2500,2024-11-06,20,23,4,5,Transferencia,Completa
2597,2024-11-06,80,22,6,4,Mercado Pago,Completa
2631,2024-11-06,27,22,3,4,Mercado Pago,Completa
2983,2024-11-06,234,20,3,3,Tarjeta de Débito,Completa
101,2024-11-07,281,36,1,5,Transferencia,Completa
401,2024-11-07,27,27,6,4,Mercado Pago,Completa
509,2024-11-07,136,38,3,5,Transferencia,Completa
667,2024-11-07,189,16,5,3,Tarjeta de Débito,Completa
1215,2024-11-07,297,17,6,3,Tarjeta de Débito,Pendiente
1418,2024-11-07,111,37,1,5,Transferencia,Pendiente
1965,2024-11-07,185,36,5,4,Mercado Pago,Completa
2031,2024-11-07,190,33,3,5,Transferencia,Completa
250,2024-11-08,313,24,3,5,Transferencia,Pendiente
278,2024-11-08,180,19,3,1,Efectivo,Completa
366,2024-11-08,111,37,4,4,Mercado Pago,Completa
467,2024-11-08,271,34,6,4,Mercado Pago,Completa
698,2024-11-08,225,20,6,1,Efectivo,Pendiente
1721,2024-11-08,46,30,4,1,Efectivo,Completa
2124,2024-11-08,70,10,3,4,Mercado Pago,Completa
2228,2024-11-08,155,29,4,4,Mercado Pago,Completa
2960,2024-11-08,240,38,5,4,Mercado Pago,Completa
176,2024-11-09,68,33,6,5,Transferencia,Completa
188,2024-11-09,323,36,5,5,Transferencia,Pendiente
446,2024-11-09,234,25,3,1,Efectivo,Completa
638,2024-11-09,236,26,6,4,Mercado Pago,Completa
687,2024-11-09,43,30,2,1,Efectivo,Completa
835,2024-11-09,224,1,3,5,Transferencia,Completa
913,2024-11-09,36,27,5,5,Transferencia,Completa
1219,2024-11-09,125,37,4,3,Tarjeta de Débito,Completa
2148,2024-11-09,43,16,2,1,Efectivo,Completa
2296,2024-11-09,254,13,3,5,Transferencia,Completa
2367,2024-11-09,83,20,4,1,Efectivo,Completa
2696,2024-11-09,86,5,2,5,Transferencia,Completa
658,2024-11-10,29,24,5,5,Transferencia,Completa
709,2024-11-10,20,13,2,3,Tarjeta de Débito,Completa
1032,2024-11-10,20,8,2,5,Transferencia,Completa
1158,2024-11-10,88,17,5,3,Tarjeta de Débito,Completa
1231,2024-11-10,242,16,3,4,Mercado Pago,Cancelada
1982,2024-11-10,283,26,1,3,Tarjeta de Débito,Completa
2101,2024-11-10,260,6,3,1,Efectivo,Pendiente
2195,2024-11-10,197,35,3,1,Efectivo,Pendiente
2468,2024-11-10,307,32,2,3,Tarjeta de Débito,Completa
2621,2024-11-10,112,23,2,5,Transferencia,Pendiente
2759,2024-11-10,170,15,3,1,Efectivo,Completa
477,2024-11-11,102,6,6,4,Mercado Pago,Completa
891,2024-11-11,79,32,3,4,Mercado Pago,Completa
940,2024-11-11,220,29,4,2,Tarjeta de Crédito,Completa
1480,2024-11-11,113,17,3,1,Efectivo,Completa
2292,2024-11-11,225,8,5,5,Transferencia,Completa
12,2024-11-12,247,20,5,1,Efectivo,Completa
672,2024-11-12,63,38,2,5,Transferencia,Pendiente
781,2024-11-12,68,12,5,4,Mercado Pago,Completa
1654,2024-11-12,183,10,1,3,Tarjeta de Débito,Cancelada
1662,2024-11-12,133,26,5,4,Mercado Pago,Pendiente
1910,2024-11-12,292,38,4,5,Transferencia,Completa
1927,2024-11-12,59,18,1,5,Transferencia,Pendiente
2097,2024-11-12,296,20,1,5,Transferencia,Completa
2363,2024-11-12,59,17,6,5,Transferencia,Pendiente
2417,2024-11-12,307,1,6,2,Tarjeta de Crédito,Completa
2686,2024-11-12,44,15,3,5,Transferencia,Completa
2730,2024-11-12,224,3,6,5,Transferencia,Pendiente
107,2024-11-13,7,24,5,5,Transferencia,Completa
345,2024-11-13,132,26,6,2,Tarjeta de Crédito,Completa
609,2024-11-13,241,34,4,5,Transferencia,Completa
661,2024-11-13,151,21,6,1,Efectivo,Completa
793,2024-11-13,175,2,2,1,Efectivo,Completa
814,2024-11-13,262,22,4,5,Transferencia,Completa
1016,2024-11-13,131,4,4,4,Mercado Pago,Completa
1022,2024-11-13,134,9,4,5,Transferencia,Completa
1075,2024-11-13,207,18,3,5,Transferencia,Completa
1276,2024-11-13,99,4,1,1,Efectivo,Completa
2167,2024-11-13,311,27,1,3,Tarjeta de Débito,Completa
2262,2024-11-13,222,19,2,4,Mercado Pago,Completa
2298,2024-11-13,140,33,2,3,Tarjeta de Débito,Completa
2506,2024-11-13,84,26,1,4,Mercado Pago,Completa
2868,2024-11-13,94,25,5,4,Mercado Pago,Completa
1772,2024-11-14,164,24,2,4,Mercado Pago,Pendiente
2004,2024-11-14,252,7,2,5,Transferencia,Completa
2345,2024-11-14,194,2,4,4,Mercado Pago,Pendiente
2463,2024-11-14,95,27,4,5,Transferencia,Completa
2541,2024-11-14,3,38,3,1,Efectivo,Completa
2543,2024-11-14,296,32,4,1,Efectivo,Completa
2807,2024-11-14,26,7,3,1,Efectivo,Pendiente
490,2024-11-15,20,5,6,4,Mercado Pago,Completa
871,2024-11-15,242,25,4,1,Efectivo,Completa
1420,2024-11-15,277,33,4,4,Mercado Pago,Completa
1488,2024-11-15,162,31,4,1,Efectivo,Completa
1883,2024-11-15,2,6,2,1,Efectivo,Completa
2062,2024-11-15,172,28,1,4,Mercado Pago,Completa
2805,2024-11-15,256,8,6,4,Mercado Pago,Completa
747,2024-11-16,84,21,1,5,Transferencia,Completa
1497,2024-11-16,63,37,2,4,Mercado Pago,Completa
2207,2024-11-16,149,17,1,4,Mercado Pago,Pendiente
2336,2024-11-16,148,37,4,4,Mercado Pago,Completa
2867,2024-11-16,7,17,1,1,Efectivo,Completa
2888,2024-11-16,83,28,3,3,Tarjeta de Débito,Completa
513,2024-11-17,278,25,6,4,Mercado Pago,Completa
983,2024-11-17,11,33,6,1,Efectivo,Completa
1892,2024-11-17,222,13,1,4,Mercado Pago,Completa
1993,2024-11-17,99,31,1,1,Efectivo,Completa
2444,2024-11-17,185,4,6,3,Tarjeta de Débito,Pendiente
2456,2024-11-17,243,37,1,1,Efectivo,Pendiente
65,2024-11-18,205,27,5,3,Tarjeta de Débito,Completa
253,2024-11-18,14,15,2,5,Transferencia,Completa
443,2024-11-18,263,9,2,4,Mercado Pago,Completa
588,2024-11-18,261,25,2,3,Tarjeta de Débito,Completa
1236,2024-11-18,228,29,4,2,Tarjeta de Crédito,Completa
1410,2024-11-18,34,12,4,2,Tarjeta de Crédito,Completa
1508,2024-11-18,295,6,4,5,Transferencia,Completa
1948,2024-11-18,5,19,3,4,Mercado Pago,Completa
2203,2024-11-18,68,14,5,5,Transferencia,Completa
2267,2024-11-18,239,23,6,2,Tarjeta de Crédito,Completa
2343,2024-11-18,263,11,1,3,Tarjeta de Débito,Completa
2742,2024-11-18,25,3,1,3,Tarjeta de Débito,Completa
611,2024-11-19,119,38,6,4,Mercado Pago,Completa
887,2024-11-19,214,16,6,4,Mercado Pago,Completa
1623,2024-11-19,315,14,4,4,Mercado Pago,Completa
2006,2024-11-19,152,33,3,4,Mercado Pago,Completa
2428,2024-11-19,319,5,1,1,Efectivo,Pendiente
2813,2024-11-19,264,10,2,4,Mercado Pago,Completa
16,2024-11-20,106,3,1,5,Transferencia,Pendiente
718,2024-11-20,292,17,1,1,Efectivo,Completa
731,2024-11-20,314,20,2,2,Tarjeta de Crédito,Completa
907,2024-11-20,68,35,3,4,Mercado Pago,Completa
2000,2024-11-20,151,9,3,3,Tarjeta de Débito,Completa
2431,2024-11-20,31,26,5,2,Tarjeta de Crédito,Completa
2535,2024-11-20,118,29,2,3,Tarjeta de Débito,Completa
2637,2024-11-20,316,26,1,1,Efectivo,Completa
662,2024-11-21,214,34,5,5,Transferencia,Completa
690,2024-11-21,166,12,4,3,Tarjeta de Débito,Completa
797,2024-11-21,267,1,2,5,Transferencia,Completa
879,2024-11-21,110,24,4,5,Transferencia,Completa
885,2024-11-21,72,26,3,5,Transferencia,Completa
1173,2024-11-21,193,11,6,4,Mercado Pago,Pendiente
1554,2024-11-21,212,33,1,1,Efectivo,Completa
1815,2024-11-21,93,1,4,3,Tarjeta de Débito,Pendiente
2001,2024-11-21,271,6,1,4,Mercado Pago,Completa
2079,2024-11-21,11,11,5,2,Tarjeta de Crédito,Pendiente
2100,2024-11-21,260,24,6,2,Tarjeta de Crédito,Pendiente
2619,2024-11-21,209,14,4,1,Efectivo,Completa
111,2024-11-22,103,29,5,2,Tarjeta de Crédito,Completa
846,2024-11-22,266,1,4,1,Efectivo,Completa
1296,2024-11-22,174,12,5,3,Tarjeta de Débito,Pendiente
2125,2024-11-22,231,5,5,5,Transferencia,Completa
2347,2024-11-22,122,23,2,5,Transferencia,Completa
127,2024-11-23,95,1,3,5,Transferencia,Pendiente
231,2024-11-23,39,31,3,1,Efectivo,Pendiente
341,2024-11-23,315,5,4,2,Tarjeta de Crédito,Completa
1178,2024-11-23,249,32,1,5,Transferencia,Pendiente
1378,2024-11-23,95,5,3,5,Transferencia,Completa
1428,2024-11-23,266,37,2,1,Efectivo,Completa
1578,2024-11-23,283,27,3,3,Tarjeta de Débito,Completa
1630,2024-11-23,317,7,1,1,Efectivo,Completa
256,2024-11-24,34,8,5,5,Transferencia,Pendiente
1413,2024-11-24,175,8,5,1,Efectivo,Completa
1697,2024-11-24,173,13,1,5,Transferencia,Pendiente
1893,2024-11-24,245,38,4,5,Transferencia,Completa
1953,2024-11-24,71,32,1,5,Transferencia,Completa
1958,2024-11-24,310,23,5,4,Mercado Pago,Completa
2307,2024-11-24,182,19,2,1,Efectivo,Completa
2562,2024-11-24,79,36,6,1,Efectivo,Completa
120,2024-11-25,16,38,4,2,Tarjeta de Crédito,Pendiente
440,2024-11-25,269,30,1,3,Tarjeta de Débito,Completa
558,2024-11-25,33,26,5,1,Efectivo,Pendiente
704,2024-11-25,105,30,6,1,Efectivo,Completa
874,2024-11-25,326,26,6,5,Transferencia,Pendiente
1150,2024-11-25,274,12,3,5,Transferencia,Pendiente
1251,2024-11-25,290,21,4,5,Transferencia,Completa
1592,2024-11-25,27,9,6,5,Transferencia,Completa
2694,2024-11-25,52,25,4,2,Tarjeta de Crédito,Completa
2797,2024-11-25,10,17,2,4,Mercado Pago,Completa
115,2024-11-26,19,21,4,3,Tarjeta de Débito,Completa
200,2024-11-26,142,35,6,2,Tarjeta de Crédito,Completa
501,2024-11-26,317,35,5,4,Mercado Pago,Completa
1105,2024-11-26,247,26,3,1,Efectivo,Completa
1637,2024-11-26,293,20,2,1,Efectivo,Completa
1784,2024-11-26,179,30,6,4,Mercado Pago,Completa
2698,2024-11-26,146,28,5,2,Tarjeta de Crédito,Completa
2871,2024-11-26,219,5,3,3,Tarjeta de Débito,Completa
2939,2024-11-26,279,34,1,5,Transferencia,Completa
1566,2024-11-27,206,10,5,5,Transferencia,Pendiente
2230,2024-11-27,24,18,2,4,Mercado Pago,Completa
2464,2024-11-27,18,34,6,4,Mercado Pago,Completa
2825,2024-11-27,207,30,2,4,Mercado Pago,Pendiente
2998,2024-11-27,228,22,1,1,Efectivo,Completa
221,2024-11-28,31,4,2,1,Efectivo,Completa
319,2024-11-28,199,12,4,4,Mercado Pago,Completa
942,2024-11-28,5,34,3,3,Tarjeta de Débito,Completa
1370,2024-11-28,250,1,4,5,Transferencia,Completa
1521,2024-11-28,168,5,6,2,Tarjeta de Crédito,Completa
1669,2024-11-28,93,7,6,4,Mercado Pago,Completa
2369,2024-11-28,283,34,3,4,Mercado Pago,Completa
2410,2024-11-28,93,35,2,1,Efectivo,Pendiente
2595,2024-11-28,196,32,5,4,Mercado Pago,Completa
161,2024-11-29,134,14,5,3,Tarjeta de Débito,Completa
465,2024-11-29,93,30,6,3,Tarjeta de Débito,Completa
845,2024-11-29,318,32,4,5,Transferencia,Completa
1170,2024-11-29,17,26,4,2,Tarjeta de Crédito,Completa
2129,2024-11-29,49,36,4,4,Mercado Pago,Completa
2144,2024-11-29,281,24,4,4,Mercado Pago,Completa
2754,2024-11-29,95,26,2,4,Mercado Pago,Completa
2842,2024-11-29,185,3,2,4,Mercado Pago,Completa
2985,2024-11-29,186,17,2,4,Mercado Pago,Completa
1694,2024-11-30,64,28,5,1,Efectivo,Completa
1811,2024-11-30,321,18,4,1,Efectivo,Completa
2322,2024-11-30,63,7,6,4,Mercado Pago,Pendiente
2353,2024-11-30,39,33,3,2,Tarjeta de Crédito,Completa
2425,2024-11-30,132,24,2,4,Mercado Pago,Completa
2764,2024-11-30,50,1,1,4,Mercado Pago,Pendiente
2984,2024-11-30,95,36,3,5,Transferencia,Completa
151,2024-12-01,317,20,2,2,Tarjeta de Crédito,Completa
196,2024-12-01,104,27,4,1,Efectivo,Completa
390,2024-12-01,74,26,4,4,Mercado Pago,Completa
404,2024-12-01,72,29,3,1,Efectivo,Pendiente
937,2024-12-01,261,27,4,2,Tarjeta de Crédito,Completa
1113,2024-12-01,4,17,2,1,Efectivo,Completa
1383,2024-12-01,185,10,3,4,Mercado Pago,Completa
1455,2024-12-01,271,29,4,4,Mercado Pago,Completa
1542,2024-12-01,250,33,4,1,Efectivo,Completa
1820,2024-12-01,170,30,2,1,Efectivo,Completa
1959,2024-12-01,58,16,6,5,Transferencia,Completa
2039,2024-12-01,88,12,3,1,Efectivo,Completa
2906,2024-12-01,290,1,4,1,Efectivo,Completa
2912,2024-12-01,39,26,2,5,Transferencia,Completa
483,2024-12-02,230,25,6,4,Mercado Pago,Completa
496,2024-12-02,137,33,1,5,Transferencia,Completa
924,2024-12-02,90,1,2,3,Tarjeta de Débito,Completa
990,2024-12-02,136,27,6,4,Mercado Pago,Completa
1267,2024-12-02,130,1,2,5,Transferencia,Completa
1273,2024-12-02,289,29,3,1,Efectivo,Completa
1884,2024-12-02,98,33,5,3,Tarjeta de Débito,Completa
2856,2024-12-02,87,36,5,4,Mercado Pago,Completa
3000,2024-12-02,266,31,2,1,Efectivo,Pendiente
7,2024-12-03,43,23,6,5,Transferencia,Completa
693,2024-12-03,15,7,4,5,Transferencia,Completa
1292,2024-12-03,287,24,3,4,Mercado Pago,Completa
1507,2024-12-03,145,25,4,3,Tarjeta de Débito,Completa
2028,2024-12-03,226,16,3,3,Tarjeta de Débito,Completa
2573,2024-12-03,143,7,1,2,Tarjeta de Crédito,Completa
2817,2024-12-03,254,18,2,1,Efectivo,Pendiente
64,2024-12-04,82,24,4,1,Efectivo,Completa
122,2024-12-04,237,14,5,1,Efectivo,Completa
847,2024-12-04,244,29,3,5,Transferencia,Completa
1056,2024-12-04,46,8,2,5,Transferencia,Completa
2250,2024-12-04,276,4,4,5,Transferencia,Completa
2297,2024-12-04,69,23,2,5,Transferencia,Completa
2349,2024-12-04,90,9,5,1,Efectivo,Completa
2591,2024-12-04,305,9,6,5,Transferencia,Completa
424,2024-12-05,259,2,5,3,Tarjeta de Débito,Completa
782,2024-12-05,12,2,3,5,Transferencia,Completa
915,2024-12-05,75,14,3,4,Mercado Pago,Completa
1240,2024-12-05,56,28,1,5,Transferencia,Completa
2010,2024-12-05,9,4,3,3,Tarjeta de Débito,Completa
2173,2024-12-05,128,25,1,5,Transferencia,Completa
2217,2024-12-05,198,6,6,3,Tarjeta de Débito,Completa
2706,2024-12-05,21,24,4,4,Mercado Pago,Pendiente
269,2024-12-06,66,15,2,1,Efectivo,Completa
643,2024-12-06,93,15,5,2,Tarjeta de Crédito,Completa
742,2024-12-06,45,11,5,5,Transferencia,Completa
1201,2024-12-06,161,10,1,3,Tarjeta de Débito,Completa
2380,2024-12-06,175,12,5,3,Tarjeta de Débito,Completa
2517,2024-12-06,308,3,2,4,Mercado Pago,Pendiente
145,2024-12-07,257,13,4,3,Tarjeta de Débito,Completa
264,2024-12-07,275,24,4,4,Mercado Pago,Completa
1002,2024-12-07,7,19,3,4,Mercado Pago,Completa
1879,2024-12-07,160,4,4,4,Mercado Pago,Completa
2012,2024-12-07,210,33,4,4,Mercado Pago,Completa
2179,2024-12-07,150,23,4,4,Mercado Pago,Completa
2608,2024-12-07,222,12,4,3,Tarjeta de Débito,Completa
167,2024-12-08,1,28,4,5,Transferencia,Completa
222,2024-12-08,260,11,2,4,Mercado Pago,Completa
813,2024-12-08,168,22,3,3,Tarjeta de Débito,Completa
843,2024-12-08,7,3,1,2,Tarjeta de Crédito,Completa
1154,2024-12-08,260,15,1,5,Transferencia,Completa
1468,2024-12-08,3,38,2,3,Tarjeta de Débito,Completa
2318,2024-12-08,18,9,4,3,Tarjeta de Débito,Completa
2378,2024-12-08,31,2,1,5,Transferencia,Pendiente
2483,2024-12-08,14,13,3,4,Mercado Pago,Completa
2893,2024-12-08,221,15,2,4,Mercado Pago,Completa
347,2024-12-09,204,1,1,1,Efectivo,Completa
369,2024-12-09,96,10,1,5,Transferencia,Completa
436,2024-12-09,190,37,4,5,Transferencia,Completa
1011,2024-12-09,190,1,3,4,Mercado Pago,Completa
1063,2024-12-09,115,21,2,2,Tarjeta de Crédito,Completa
1256,2024-12-09,227,36,4,5,Transferencia,Completa
1769,2024-12-09,284,27,4,3,Tarjeta de Débito,Pendiente
1771,2024-12-09,169,21,1,3,Tarjeta de Débito,Completa
1914,2024-12-09,212,28,3,1,Efectivo,Completa
2271,2024-12-09,45,36,1,3,Tarjeta de Débito,Completa
2551,2024-12-09,171,9,2,1,Efectivo,Completa
2593,2024-12-09,312,2,6,2,Tarjeta de Crédito,Completa
2834,2024-12-09,123,26,1,3,Tarjeta de Débito,Completa
318,2024-12-10,258,1,5,1,Efectivo,Completa
1043,2024-12-10,96,21,4,5,Transferencia,Completa
1057,2024-12-10,265,4,4,2,Tarjeta de Crédito,Completa
1284,2024-12-10,147,11,2,5,Transferencia,Pendiente
1816,2024-12-10,210,6,6,5,Transferencia,Pendiente
2320,2024-12-10,317,33,2,1,Efectivo,Completa
374,2024-12-11,17,6,6,1,Efectivo,Completa
482,2024-12-11,76,38,6,3,Tarjeta de Débito,Completa
1817,2024-12-11,73,29,6,4,Mercado Pago,Completa
2287,2024-12-11,5,13,5,3,Tarjeta de Débito,Completa
2756,2024-12-11,207,15,2,2,Tarjeta de Crédito,Completa
2814,2024-12-11,29,32,4,4,Mercado Pago,Pendiente
229,2024-12-12,153,14,5,4,Mercado Pago,Completa
325,2024-12-12,323,3,2,5,Transferencia,Completa
877,2024-12-12,280,11,6,5,Transferencia,Completa
1846,2024-12-12,23,12,5,4,Mercado Pago,Completa
2486,2024-12-12,81,6,2,1,Efectivo,Completa
2675,2024-12-12,285,28,2,1,Efectivo,Completa
316,2024-12-13,119,29,5,1,Efectivo,Completa
695,2024-12-13,202,9,3,1,Efectivo,Completa
787,2024-12-13,325,27,6,1,Efectivo,Completa
1206,2024-12-13,177,25,5,5,Transferencia,Completa
1532,2024-12-13,218,22,1,5,Transferencia,Completa
2085,2024-12-13,46,8,1,4,Mercado Pago,Completa
2233,2024-12-13,1,32,5,3,Tarjeta de Débito,Completa
2340,2024-12-13,76,38,6,3,Tarjeta de Débito,Completa
2401,2024-12-13,217,35,2,2,Tarjeta de Crédito,Completa
780,2024-12-14,140,15,3,1,Efectivo,Completa
1706,2024-12-14,94,23,2,5,Transferencia,Completa
2033,2024-12-14,308,4,4,5,Transferencia,Completa
2704,2024-12-14,14,17,5,1,Efectivo,Completa
2875,2024-12-14,148,19,1,2,Tarjeta de Crédito,Completa
195,2024-12-15,71,13,4,2,Tarjeta de Crédito,Completa
218,2024-12-15,36,35,1,2,Tarjeta de Crédito,Completa
409,2024-12-15,34,27,6,4,Mercado Pago,Completa
1146,2024-12-15,187,28,3,5,Transferencia,Completa
1457,2024-12-15,284,37,1,4,Mercado Pago,Completa
1631,2024-12-15,189,36,1,5,Transferencia,Pendiente
1918,2024-12-15,216,3,5,4,Mercado Pago,Pendiente
138,2024-12-16,148,19,5,5,Transferencia,Completa
332,2024-12-16,309,14,3,5,Transferencia,Completa
334,2024-12-16,286,24,4,1,Efectivo,Pendiente
352,2024-12-16,286,25,6,5,Transferencia,Completa
355,2024-12-16,308,25,5,5,Transferencia,Completa
360,2024-12-16,139,12,1,4,Mercado Pago,Completa
389,2024-12-16,174,7,4,1,Efectivo,Completa
504,2024-12-16,179,18,6,5,Transferencia,Completa
589,2024-12-16,159,16,4,3,Tarjeta de Débito,Completa
961,2024-12-16,154,15,3,5,Transferencia,Completa
1856,2024-12-16,151,13,6,1,Efectivo,Completa
1940,2024-12-16,87,28,5,5,Transferencia,Completa
2016,2024-12-16,58,34,3,1,Efectivo,Completa
1047,2024-12-17,235,7,2,4,Mercado Pago,Pendiente
1629,2024-12-17,130,6,4,3,Tarjeta de Débito,Completa
1720,2024-12-17,316,9,4,4,Mercado Pago,Completa
1781,2024-12-17,177,15,1,4,Mercado Pago,Completa
2421,2024-12-17,268,36,2,4,Mercado Pago,Completa
157,2024-12-18,179,18,1,4,Mercado Pago,Pendiente
429,2024-12-18,10,28,3,2,Tarjeta de Crédito,Completa
567,2024-12-18,255,35,5,5,Transferencia,Completa
1478,2024-12-18,40,2,6,1,Efectivo,Completa
1886,2024-12-18,68,7,3,5,Transferencia,Pendiente
2088,2024-12-18,70,23,4,5,Transferencia,Completa
2319,2024-12-18,199,11,6,5,Transferencia,Completa
2419,2024-12-18,134,5,2,4,Mercado Pago,Completa
2466,2024-12-18,201,2,6,1,Efectivo,Completa
55,2024-12-19,264,11,4,1,Efectivo,Completa
213,2024-12-19,322,21,4,4,Mercado Pago,Completa
377,2024-12-19,262,12,3,2,Tarjeta de Crédito,Pendiente
384,2024-12-19,146,3,6,4,Mercado Pago,Completa
868,2024-12-19,287,12,1,5,Transferencia,Completa
914,2024-12-19,203,16,2,4,Mercado Pago,Pendiente
999,2024-12-19,155,38,4,3,Tarjeta de Débito,Completa
1126,2024-12-19,315,34,1,2,Tarjeta de Crédito,Completa
1359,2024-12-19,118,14,3,4,Mercado Pago,Completa
1642,2024-12-19,172,22,4,2,Tarjeta de Crédito,Completa
1660,2024-12-19,313,17,1,2,Tarjeta de Crédito,Completa
1724,2024-12-19,252,29,6,4,Mercado Pago,Completa
1807,2024-12-19,205,29,5,5,Transferencia,Completa
2358,2024-12-19,316,28,1,5,Transferencia,Completa
396,2024-12-20,295,1,5,3,Tarjeta de Débito,Completa
1389,2024-12-20,78,6,3,5,Transferencia,Completa
1451,2024-12-20,131,27,5,5,Transferencia,Completa
2096,2024-12-20,308,25,5,2,Tarjeta de Crédito,Completa
2283,2024-12-20,113,6,5,2,Tarjeta de Crédito,Completa
2400,2024-12-20,166,38,6,1,Efectivo,Completa
106,2024-12-21,67,21,6,4,Mercado Pago,Completa
562,2024-12-21,248,13,1,5,Transferencia,Completa
748,2024-12-21,326,10,5,3,Tarjeta de Débito,Completa
896,2024-12-21,190,37,3,4,Mercado Pago,Completa
925,2024-12-21,179,5,4,2,Tarjeta de Crédito,Completa
1163,2024-12-21,94,11,4,4,Mercado Pago,Completa
1403,2024-12-21,79,15,1,2,Tarjeta de Crédito,Completa
1548,2024-12-21,98,38,4,4,Mercado Pago,Completa
1650,2024-12-21,40,1,6,4,Mercado Pago,Completa
1825,2024-12-21,136,24,1,4,Mercado Pago,Completa
1861,2024-12-21,117,29,5,5,Transferencia,Completa
2734,2024-12-21,116,22,5,4,Mercado Pago,Completa
144,2024-12-22,47,10,1,4,Mercado Pago,Pendiente
933,2024-12-22,260,29,2,5,Transferencia,Completa
1160,2024-12-22,108,2,5,3,Tarjeta de Débito,Completa
1525,2024-12-22,65,30,3,5,Transferencia,Completa
1779,2024-12-22,81,15,1,5,Transferencia,Completa
2189,2024-12-22,308,5,3,1,Efectivo,Pendiente
2259,2024-12-22,103,5,1,5,Transferencia,Completa
387,2024-12-23,180,17,2,3,Tarjeta de Débito,Completa
571,2024-12-23,262,30,4,4,Mercado Pago,Completa
992,2024-12-23,283,35,5,3,Tarjeta de Débito,Completa
1084,2024-12-23,70,14,4,4,Mercado Pago,Completa
1264,2024-12-23,188,16,5,1,Efectivo,Pendiente
1812,2024-12-23,97,13,6,5,Transferencia,Completa
2522,2024-12-23,110,25,3,4,Mercado Pago,Completa
75,2024-12-24,200,35,4,4,Mercado Pago,Completa
456,2024-12-24,105,4,2,3,Tarjeta de Débito,Completa
749,2024-12-24,153,14,3,3,Tarjeta de Débito,Completa
1065,2024-12-24,124,38,2,5,Transferencia,Completa
1301,2024-12-24,158,6,1,5,Transferencia,Completa
1492,2024-12-24,316,11,5,5,Transferencia,Completa
1736,2024-12-24,192,23,4,1,Efectivo,Completa
1877,2024-12-24,298,5,6,1,Efectivo,Pendiente
2003,2024-12-24,161,3,5,1,Efectivo,Completa
2160,2024-12-24,321,13,5,4,Mercado Pago,Completa
2219,2024-12-24,79,38,2,4,Mercado Pago,Pendiente
2453,2024-12-24,217,26,5,1,Efectivo,Completa
2518,2024-12-24,107,10,4,4,Mercado Pago,Completa
2699,2024-12-24,133,7,3,4,Mercado Pago,Pendiente
2747,2024-12-24,54,24,1,1,Efectivo,Completa
162,2024-12-25,319,16,5,3,Tarjeta de Débito,Completa
870,2024-12-25,113,12,5,3,Tarjeta de Débito,Completa
973,2024-12-25,162,21,6,5,Transferencia,Completa
1000,2024-12-25,151,35,3,3,Tarjeta de Débito,Completa
1014,2024-12-25,54,38,6,1,Efectivo,Completa
1506,2024-12-25,144,8,2,5,Transferencia,Completa
1529,2024-12-25,232,3,6,1,Efectivo,Completa
1916,2024-12-25,98,30,4,4,Mercado Pago,Completa
1977,2024-12-25,36,38,5,5,Transferencia,Completa
2305,2024-12-25,109,27,6,4,Mercado Pago,Completa
2333,2024-12-25,304,10,6,3,Tarjeta de Débito,Completa
9,2024-12-26,21,34,1,5,Transferencia,Completa
1241,2024-12-26,82,8,4,1,Efectivo,Completa
1487,2024-12-26,79,11,2,1,Efectivo,Pendiente
2188,2024-12-26,17,28,3,1,Efectivo,Pendiente
2350,2024-12-26,253,1,3,5,Transferencia,Completa
2775,2024-12-26,159,9,4,3,Tarjeta de Débito,Completa
2850,2024-12-26,202,28,6,1,Efectivo,Completa
1076,2024-12-27,316,2,1,3,Tarjeta de Débito,Completa
1344,2024-12-27,261,30,4,3,Tarjeta de Débito,Pendiente
198,2024-12-28,106,7,5,4,Mercado Pago,Completa
406,2024-12-28,161,35,6,4,Mercado Pago,Completa
585,2024-12-28,192,22,3,3,Tarjeta de Débito,Completa
1013,2024-12-28,72,9,5,4,Mercado Pago,Completa
1104,2024-12-28,176,6,4,2,Tarjeta de Crédito,Completa
1202,2024-12-28,45,8,2,4,Mercado Pago,Completa
1365,2024-12-28,176,31,2,4,Mercado Pago,Completa
1770,2024-12-28,263,36,1,5,Transferencia,Completa
2472,2024-12-28,236,26,4,2,Tarjeta de Crédito,Completa
2640,2024-12-28,25,30,1,5,Transferencia,Completa
2782,2024-12-28,119,27,2,4,Mercado Pago,Completa
230,2024-12-29,252,6,3,5,Transferencia,Completa
529,2024-12-29,212,12,6,2,Tarjeta de Crédito,Completa
721,2024-12-29,148,16,2,2,Tarjeta de Crédito,Completa
850,2024-12-29,194,31,1,5,Transferencia,Completa
1285,2024-12-29,10,33,4,3,Tarjeta de Débito,Completa
1511,2024-12-29,141,31,5,4,Mercado Pago,Completa
1715,2024-12-29,87,5,1,1,Efectivo,Completa
2446,2024-12-29,302,8,4,3,Tarjeta de Débito,Completa
2643,2024-12-29,121,12,5,4,Mercado Pago,Completa
2792,2024-12-29,109,34,4,4,Mercado Pago,Pendiente
563,2024-12-30,272,25,5,4,Mercado Pago,Completa
900,2024-12-30,248,10,5,1,Efectivo,Completa
954,2024-12-30,44,12,6,4,Mercado Pago,Completa
1390,2024-12-30,26,31,3,4,Mercado Pago,Completa
1519,2024-12-30,246,11,3,3,Tarjeta de Débito,Completa
2147,2024-12-30,231,22,2,1,Efectivo,Pendiente
2239,2024-12-30,172,17,3,3,Tarjeta de Débito,Completa
